GENE,PROTEIN,ACC_ID,HU_CHR_LOC
YWHAB,14-3-3 beta,P31946,20q13.12
YWHAE,14-3-3 epsilon,P62258,17p13.3
YWHAG,14-3-3 gamma,P61981,7q11.23
SFN,14-3-3 sigma,P31947,1p36.11
YWHAQ,14-3-3 theta,P27348,2p25.1
YWHAZ,14-3-3 zeta,P63104,8q22.3
EIF4EBP1,4e-bp1,Q13541,8p11.23
EIF4ENIF1,4e-t,Q9NRA8,22q12.2
ALOX5,5-lo,P09917,10q11.21
TP53BP1,53bp1,Q12888,15q15.3
TP53BP2,53bp2,Q13625,1q41
MYBL1,a-myb,P10243,8q13.1
AARS2,aarsl,Q5JTZ9,6p21.1
AATF,aatf,Q9NY61,17q12
ABCA1,abca1,O95477,9q31.1
ABCB1,abcb1,P08183,7q21.12
ABCC1,abcc1,P33527,16p13.11
ABCF1,abcf1,Q8NE71,6p21.33
ABCG2,abcg2,Q9UNQ0,4q22.1
ABI1,abi-1,Q8IZP0,10p12.1
ABL1,abl,P00519,9q34.12
ABL1,abl iso2,P00519-2,9q34.12
FAM175A,abraxas,Q6UWZ7,4q21.23
ACAT1,acat1,P24752,11q22.3
ACACA,acc1,Q13085,17q12
ACACB,acc2,O00763,12q24.11
ACD,acd,Q96AP0,16q22.1
ACE,ace,P12821,17q23.3
MACF1,acf7,Q9UPN3,1p34.3
ACIN1,acinus,Q9UKV3,14q11.2
ACP1,acp1,P24666,2p25.3
ACSS2,acss2,Q9NR19,20q11.22
ACTN1,actn1,P12814,14q24.1|14q22-q24
ADAM15,adam15,Q13444,1q21.3
ADD1,add1,P35611,4p16.3
ADD2,add2,P35612,2p13.3
ADD3,add3,Q9UEY8,10q25.1-q25.2
ADIPOR1,adipor1,Q96A54,1q32.1
ADRB1,adrb1,P08588,10q25.3
ADRB2,adrb2,P07550,5q32
AFDN,afadin,P55196,6q27
AFAP1,afap,Q8N556,4p16.1
AFAP1L2,afap1l2,Q8N4X5,10q25.3
AGO2,ago2,Q9UKV8,8q24.3
AHNAK,ahnak,Q09666,11q12.3
AHR,ahr,P35869,7p21.1
AHSA1,ahsa1,O95433,14q24.3
AICDA,aid,Q9GZX7,12p13.31
AIP,aip,O00170,11q13.2
AIRE,aire,O43918,21q22.3
AKAP11,akap11,Q9UKA4,13q14.11
AKAP12,akap12,Q02952,6q25.1
AKAP13,akap13,Q12802,15q25.3
AKAP4,akap4,Q5JQC9,Xp11.22
AKAP5,akap5,P24588,14q23.3
AKAP8,akap8,O43823,19p13.12
AKAP9,akap9,Q99996,7q21.2
AKIRIN2,akirin2,Q53H80,6q15
ALDH2,aldh2,P05091,12q24.12
ALDH5A1,aldh5a1,P51649,6p22.3
AMBRA1,ambra1,Q9C0C7,11p11.2
AMFR,amfr,Q9UKV5,16q13
RUNX1,aml1,Q01196,21q22.12
RUNX1,aml1 iso8,Q01196-8,21q22.12
RUNX3,aml2,Q13761,1p36.11
RUNX2,aml3,Q13950,6p21.1
AMOT,amot,Q4VCS5,Xq23
AMOTL2,amotl2,Q9Y2J4,3q22.2
AMPH,amphiphysin,P49418,7p14.1
PRKAB1,ampkb1,Q9Y478,12q24.23
ANKLE2,ankle2,Q86XL3,12q24.33
ANKRD12,ankrd12 iso2,Q6UB98-2,18p11.22
ANKRD17,ankrd17,O75179,4q13.3
ANKRD2,ankrd2,Q9GZV1,10q24.2
ANKRD28,ankrd28,O15084,3p25.1
ANP32A,anp32a,P39687,15q23
ANP32B,anp32b,Q92688,9q22.33
ANXA1,anxa1,P04083,9q21.13
ANXA2,anxa2,P07355,15q22.2
TFAP2A,ap-2 alpha,P05549,6p24.3
AP2B1,ap2b1,P63010,17q12
AP2M1,ap2m1,Q96CW1,3q27.1
APAF1,apaf,O14727,12q23.1
APBA3,apba3,O96018,19p13.3
APC,apc,P25054,5q22.2
ANAPC1,apc1,Q9H1A4,2q13
ANAPC4,apc4,Q9UJX5,4p15.2
ANAPC7,apc7,Q9UJX3,12q24.11
APLF,aplf,Q8IW19,2p13.3
APLP2,aplp2,Q06481,11q24.3
APOBEC3G,apobec3g,Q9HC16,22q13.1
APOE,apoe,P02649,19q13.32
APP,app,P05067,21q21.3
APP,app iso4,P05067-4,21q21.3
APPL1,appl,Q9UKG1,3p14.3
PDS5B,aprin,Q9NTI5,13q13.1
APTX,aptx,Q7Z2E3,9p21.1
AQP1,aqp1,P29972,7p14.3
AQP2,aqp2,P41181,12q13.12
AQP4,aqp4,P55087,18q11.2
AQP5,aqp5,P55064,12q13.12
AQP9,aqp9,O43315,15q21.3
AR,ar,P10275,Xq12
NOL3,arc,O60936,16q22.1
,arel1 iso2,O15033-2,14q24.3-q31.1
ARFIP1,arfaptin 1,P53367,4q31.3
ARFIP1,arfaptin 1 iso2,P53367-2,4q31.3
ARFIP2,arfaptin 2,P53365,11p15.4
ARFGEF1,arfgef1,Q9Y6D6,8q13.2
ABL2,arg,P42684,1q25.2
ARHGAP17,arhgap17,Q68EM7,16p12.1
ARHGAP19,arhgap19,Q14CB8,10q24.1
ARHGAP21,arhgap21,Q5T5U3,10p12.1|10p12.3
ARHGAP22,arhgap22,Q7Z5H3,10q11.22-q11.23
ARHGAP23,arhgap23,Q9P227,17q12
ARHGAP24,arhgap24,Q8N264,4q21.23-q21.3
CHN2,arhgap3,P52757,7p14.3
ARHGAP5,arhgap5,Q13017,14q12
ARHGAP8,arhgap8,P85298,22q13.31
ARHGEF1,arhgef1,Q92888,19q13.2
ARHGEF17,arhgef17,Q96PE2,11q13.4
ARHGEF2,arhgef2,Q92974,1q22
ARHGEF2,arhgef2 iso2,Q92974-2,1q22
ARHGEF4,arhgef4 iso3,Q9NR80-3,2q21.1
ARHGEF6,arhgef6,Q15052,Xq26.3
ARHGEF7,arhgef7,Q14155,13q34
ARID1A,arid1a,O14497,1p36.11
ARNT,arnt,P27540,1q21.3
ACTR2,arp2,P61160,2p14
ARPC1B,arpc1b,O15143,7q22.1
ARPC5,arpc5,O15511,1q25.3
ARRB1,arrb1,P49407,11q13.4
ARRB2,arrb2,P32121,17p13.2
DCLRE1C,artemis,Q96SD1,10p13
TBC1D4,as160,O60343,13q22.2
ASB2,asb2,Q96Q27,14q32.12
CD3EAP,ase-1,O15446,19q13.32
ASF1A,asf1a,Q9Y294,6q22.31
ASF1B,asf1b,Q9NVP2,19p13.12
ASIC1,asic1 iso1,P78348-1,12q13.12
MAP3K5,ask1,Q99683,6q23.3
AGTR1,at1,P30556,3q24
ATXN1,ataxin-1,P54253,6p22.3
ATXN10,ataxin-10,Q9UBB4,22q13.31
ATXN2L,ataxin-2l,Q8WWM7,16p11.2
ATXN3,ataxin-3,P54252,14q32.12
ATXN3,ataxin-3 iso1,P54252-1,14q32.12
ATF1,atf-1,P18846,12q13.12
ATF2,atf-2,P15336,2q31.1
ATF4,atf-4,P18848,22q13.1
ATF6,atf6a,P18850,1q23.3
ATF7,atf7,P17544,12q13.13
ATG13,atg13,O75143,11p11.2
ATG16L1,atg16l1,Q676U5,2q37.1
ATG4B,atg4b,Q9Y4P1,2q37.3
ATG9A,atg9a,Q7Z3C6,2q35
ATIC,atic,P31939,2q35
ATP1A1,atp1a1,P05023,1p13.1
ATP5C1,atp5c,P36542,10p14
ATP7A,atp7a,Q04656,Xq21.1
ATP5IF1,atpif1,Q9UII2,1p35.3
ATRIP,atrip,Q8WXE1,3p21.31
AVEN,aven,Q9NQS1,15q14
AVPR2,avpr2,P30518,Xq28
AXIN1,axin 1,O15169,16p13.3
AXIN2,axin 2,Q9Y2T1,17q24.1
MYBL2,b-myb,P10244,20q13.12
BACE1,bace,P56817,11q23.3
BACH2,bach2,Q9BYV9,6q15
BAD,bad,Q92934,11q13.1
BANF1,baf,O75531,11q13.1
BAG2,bag2,O95816,6p12.1
BAG3,bag3,O95817,10q26.11
BAK1,bak1,Q16611,6p21.31
BANP,banp,Q8N9N5,16q24.2
PHB2,bap37,Q99623,12p13.31
BARD1,bard1,Q99728,2q35
BNC1,basonuclin 1,Q01954,15q25.2
PRRC2A,bat2,P48634,6p21.33
PRRC2B,bat2l,Q5JSZ5,9q34.13
BAG6,bat3,P46379,6p21.33
BAX,bax,Q07812,19q13.33
BAZ1A,baz1a,Q9NRL2,14q13.1-q13.2
PIK3AP1,bcap,Q6ZUJ8,10q24.1
BCL10,bcl-10,O95999,1p22.3
BCL11B,bcl-11b,Q9C0K0,14q32.2
BCL2,bcl-2,P10415,18q21.33
BCL2L12,bcl-2l12,Q9HB09,19q13.33
BCL3,bcl-3,P20749,19q13.32
BCL6,bcl-6,P41182,3q27.3
BCL2L1,bcl-xl,Q07817,20q11.21
BCLAF1,bclaf1,Q9NYF8,6q23.3
BDNF,bdnf,P23560,11p14.1
PTPN18,bdp1,Q99952,2q21.1
BECN1,beclin 1,Q14457,17q21.31
BEST1,best1,O76090,11q12.3
BID,bid,P55957,22q11.21
BIK,bik,Q13323,22q13.2
BCL2L11,bim,O43521,2q13
BCL2L11,bim iso2,O43521-2,2q13
BDKRB2,bkr2,P30411,14q32.2
BLM,blm,P54132,15q26.1
BLNK,blnk,Q8WV28,10q24.1
ARNTL,bmal1,O00327,11p15.3
BMF,bmf,Q96LC9,15q15.1
BMI1,bmi1,P35226,10p12.2
BAZ2A,bmzf-2,Q9UIF9,12q13.3
BORA,bora,Q6PGQ7,13q21.33
CDCA8,borealin,Q53HL2,1p34.3
BRCA1,brca1,P38398,17q21.31
BRCA2,brca2,P51587,13q13.1
BRD9,brd9,Q9H8M2,5p15.33
ZFP36L1,brf1,Q07352,14q24.1
BRMS1,brms1,Q9HCU9,11q13.2
BRSK1,brsk1 iso2,Q8TDC3-2,19q13.42
BTG1,btg1,P62324,12q21.33
BUB1B,bub1b,O60566,15q15.1
BUB3,bub3,O43684,10q26.13
BUD13,bud13,Q9BRD0,11q23.3
BLVRA,bvr,P53004,7p13
CEBPA,c/ebp-alpha,P49715,19q13.11
CEBPB,c/ebp-beta,P17676,20q13.13
CEBPD,c/ebp-delta,P49716,8q11.21
C17orf49,c17orf49,Q8IXM2,17p13.1
C1orf198,c1orf198,Q9H425,1q42.2
C1R,c1r,P00736,12p13.31
C5AR1,c5ar,P21730,19q13.32
C6orf106,c6orf106,Q9H6K1,6p21.31
CA9,ca9,Q16790,9p13.3
CAAP1,caap1,Q9H8G2,9p21.2
CABLES1,cables1,Q8TDN4,18q11.2
CABYR,cabyr,O75952,18q11.2
CACNA1C,cacna1c,Q13936,12p13.33
CACNA1H,cacna1h,O95180,16p13.3
CACNB2,cacnb2 iso2,Q08289-2,10p12.33-p12.31
CAD,cad,P27708,2p23.3
CALD1,caldesmon,Q05682,7q33
CALD1,caldesmon iso4,Q05682-4,7q33
CALM3,calmodulin,P0DP23,14q32.11
CANX,calnexin,P27824,5q35.3
CAST,calpastatin,P20810,5q15
CNN2,calponin 2,Q99439,19p13.3
CNN3,calponin 3,Q15417,1p21.3
KCNIP3,calsenilin,Q9Y2W7,2q11.1
CASQ2,calsequestrin 2,O14958,1p13.1
CALU,calu,O43852,7q32.1
CALU,calu iso15,O43852-15,7q32.1
CAMK2A,camk2a iso2,Q9UQM7-2,5q32
CAMSAP2,camsap1l1,Q08AD1,1q32.1
CIC,capicua,Q96RK0,19q13.2
CAPN1,capn1,P07384,11q13.1
CAPN2,capn2,P17655,1q41
CAPZA1,capza1,P52907,1p13.2
RCSD1,capzip,Q6JBY9,1q24.2
CASR,car,P41180,3q13.33-q21.1
CARD11,card11,Q9BXL7,7p22.2
CARD9,card9,Q9H257,9q34.3
CARHSP1,carhsp1,Q9Y2V2,16p13.2
NEDD9,cas-l,Q14511,6p24.2
KNL1,casc5,Q8NG31,15q15.1
CASP2,casp2,P42575,7q34
CASP3,casp3,P42574,4q35.1
CASP6,casp6,P55212,4q25
CASP7,casp7,P55210,10q25.3
CASP8,casp8,Q14790,2q33.1
CASP8,casp8 iso4,Q14790-4,2q33.1
CASP9,casp9,P55211,1p36.21
CAT,catalase,P04040,11p13
CAV1,caveolin-1,Q03135,7q31.2
CAV2,caveolin-2,P51636,7q31.2
CCNY,cbcp1,Q8ND76,10p11.21
CBL,cbl,P22681,11q23.3
CBLB,cbl-b,Q13191,3q13.11
CBLC,cbl-c,Q9ULV8,19q13.32
CREBBP,cbp,Q92793,16p13.3
CBS,cbs,P35520,21q22.3
CBX1,cbx1,P83916,17q21.32
CBX3,cbx3,Q13185,7p15.2
CBX4,cbx4,O00257,17q25.3
CBY1,cby1,Q9Y3M2,22q13.1
CC2D1A,cc2d1a,Q6P1N0,19p13.12
CWC25,ccdc49,Q9NXE8,17q12
CCDC50,ccdc50,Q8IVM0,3q28
CCDC6,ccdc6,Q16204,10q21.2
CCDC82,ccdc82,Q8N4S0,11q21
CCDC86,ccdc86,Q9H6F5,11q12.2
INO80E,ccdc95,Q8NBZ0,16p11.2
CCM2,ccm2,Q9BSQ5,7p13
CCNA2,ccna2,P20248,4q27
CCNB1,ccnb1,P14635,5q13.2
CCND1,ccnd1,P24385,11q13.3
CCND2,ccnd2,P30279,12p13.32
CCND3,ccnd3,P30281,6p21.1
CCNE1,ccne1,P24864,19q12
CCNF,ccnf,P41002,16p13.3
CCNH,ccnh,P51946,5q14.3
CCNL2,ccnl2,Q96S94,1p36.33
CCNO,ccno,P22674,5q11.2
CCNT1,ccnt1,O60563,12q13.11-q13.12
CCR2,ccr2,P41597,3p21.31
CCR5,ccr5,P51681,3p21.31
CCR7,ccr7,P32248,17q21.2
CCT2,cct2,P78371,12q15
MME,cd10,P08473,3q25.2
PROM1,cd133,O43490,4p15.32
CD19,cd19,P15391,16p11.2
CD300LB,cd300lb,A8K4G0,17q25.1
CD33,cd33,P20138,19q13.41
CD36,cd36,P16671,7q21.11
CD3E,cd3e,P07766,11q23.3
CD3G,cd3g,P09693,11q23.3
CD247,cd3z,P20963,1q24.2
CD4,cd4,P01730,12p13.31
CD44,cd44,P16070,11p13
PTPRC,cd45,P08575,1q31.3-q32.1
CD46,cd46 iso4,P15529-4,1q32.2
CD5,cd5,P06127,11q12.2
CD6,cd6,P30203,11q12.2
CD93,cd93,Q9NPY3,20p11.21
CDC16,cdc16,Q13042,13q34
CDC20,cdc20,Q12834,1p34.2
CDC23,cdc23,Q9UJX2,5q31.2
CDC25A,cdc25a,P30304,3p21.31
CDC25B,cdc25b,P30305,20p13
CDC25B,cdc25b iso2,P30305-2,20p13
CDC25C,cdc25c,P30307,5q31.2
CDC26,cdc26,Q8NHZ8,9q32
CDC27,cdc27,P30260,17q21.32
CDC34,cdc34,P49427,19p13.3
CDC37,cdc37,Q16543,19p13.2
CDC42,cdc42 iso1,P60953-1,1p36.12
CDC6,cdc6,Q99741,17q21.2
CDC73,cdc73,Q6P1J9,1q31.2
CDCA2,cdca2,Q69YH5,8p21.2
CDCA5,cdca5,Q96FF9,11q13.1
CDCA7,cdca7,Q9BWT1,2q31.1
CDCP1,cdcp1,Q9H5V8,3p21.31
ARHGAP31,cdgap,Q2M1Z3,3q13.32-q13.33
CDH1,cdh1,P12830,16q22.1
CDH2,cdh2,P19022,18q12.1
CDH5,cdh5,P33151,16q21
CDK1,cdk1,P06493,10q21.2
CDK11B,cdk11b,P21127,1p36.33
CDK11B,cdk11b iso12,P21127-12,1p36.33
CDK12,cdk12,Q9NYV4,17q12
CDK13,cdk13,Q14004,7p14.1
CDK16,cdk16,Q00536,Xp11.3
CDK2AP1,cdk2ap1,O14519,12q24.31
CDK5R1,cdk5r1,Q15078,17q11.2
CDK5RAP2,cdk5rap2,Q96SN8,9q33.2
CDKN2D,cdkn2d,P55273,19p13.2
C2CD5,cdp138,Q86YS7,12p12.1
CDT1,cdt1,Q9H211,16q24.3
CDX2,cdx2,Q99626,13q12.2
CEACAM1,ceacam1 iso8,P13688-8,19q13.2
CELF1,celf1,Q92879,11p11.2
CENPA,cenpa,P49450,2p23.3
CENPE,cenpe,Q02224,4q24
CENPJ,cenpj,Q9HC77,13q12.12-q12.13
CENPQ,cenpq,Q7L2Z9,6p12.3
CENPU,cenpu,Q71F23,4q35.1
ADAP1,centa1,O75689,7p22.3
ACAP1,centb1,Q15027,17p13.1
ARAP1,centd2,Q96P48,11q13.4
AGAP2,centg1 iso2,Q99490-2,12q14.1
CEP131,cep131,Q9UPN4,17q25.3
CEP170B,cep170b,Q9Y4F5,14q32.33
CEP192,cep192,Q8TEP8,18p11.21
CEP250,cep250,Q9BV73,20q11.22
CEP55,cep55,Q53EZ4,10q23.33
CEP76,cep76,Q8TAP6,18p11.21
CETN1,cetn1,Q12798,18p11.32
CETN2,cetn2,P41208,Xq28
CFLAR,cflar,O15519,2q33.1
CFLAR,cflar iso2,O15519-2,2q33.1
CFTR,cftr,P13569,7q31.2
CGGBP1,cggbp1,Q9UFW8,3p11.1
CGN,cgn,Q9P2M7,1q21.3
CHAT,chat iso3,P28329-3,10q11.23
CHCHD2,chchd2,Q9Y6H1,7p11.2
CHCHD3,chchd3,Q9NX63,7q32.3-q33
CHD4,chd-4,Q14839,12p13.31
CHD7,chd-7,Q9P2D1,8q12.2
CHKA,chka,P35790,11q13.2
CHKB,chkb,Q9Y259,22q13.33
CHMP4C,chmp4c,Q96CF2,8q21.13
MLXIPL,chrebp,Q9NP71,7q11.23
CHTOP,chtop,Q9Y3Y2,1q21.3
CIB1,cib1,Q99828,15q26.1
CIITA,ciita,P33076,16p13.13
CIP2A,cip2a,Q8TCG1,3q13.13
CSNK2B,ck2b,P67870,6p21.33
CKAP2,ckap2,Q8WWK9,13q14.3
CLASP2,clasp2,O75122,3p22.3
CLSPN,claspin,Q9HAW4,1p34.3
CLDN3,claudin-3,O15551,7q11.23
CLDN4,claudin-4,O14493,7q11.23
CLDN7,claudin-7,O95471,17p13.1
CLCN3,clcn3,P51790,4q33
CLIC5,clic5,Q9NZA1,6p21.1
CLOCK,clock,O15516,4q12
CLTB,cltb,P09497,5q35.2
CLTC,cltc,Q00610,17q23.1
CNKSR1,cnk1,Q969H4,1p36.11
COBLL1,cobll1,Q53SF7,2q24.3
CFL1,cofilin-1,P23528,11q13.1
COIL,coilin,P38432,17q22
COL17A1,col17a1,Q9UMD9,10q25.1
COL4A3,col4a3,Q01955,2q36.3
COL4A3BP,col4a3bp,Q9Y5P4,5q13.3
RFWD2,cop1,Q8NHY2,1q25.1-q25.2
GPS1,cops1,Q13098,17q25.3
COPS6,cops6,Q7L5N1,7q22.1
CORO1B,coronin 1b,Q9BR76,11q13.2
CORO1C,coronin 1c,Q9ULV4,12q24.11
CORO7,coronin 7,P57737,16p13.3
CTTN,cortactin,Q14247,11q13.3
PTGS2,cox-2,P35354,1q31.1
CCP110,cp110,O43303,16p12.3
PLA2G4A,cpla2,P47712,1q31.1
CREB1,creb,P16220,2q33.3
CREM,crem,Q03060,10p11.21
CRHR1,crf-r1 iso2,P34998-2,17q21.31
CRK,crk,P46108,17p13.3
CRKL,crkl,P46109,22q11.21
CRMP1,crmp-1,Q14194,4p16.2
DPYSL2,crmp-2,Q16555,8p21.2
DPYSL2,crmp-2 iso3,NP_001184222,8p21.2
DPYSL3,crmp-4,Q14195,5q32
CROCC,crocc iso2,Q5TZA2-2,1p36.13
CRYAB,cryab,P02511,11q23.1
YBX3,csda,P16989,12p13.2
CSF2RB,csf2rb,P32927,22q12.3
CSF1R,csfr,P07333,5q32
RSL1D1,csig,O76021,16p13.13
CTBP1,ctbp1,Q13363,4p16.3
CTBP2,ctbp2,P56545,10q26.13
CTDP1,ctdp1,Q9Y5B0,18q23
CHTF18,ctf18,Q8WVB6,16p13.3
CTH,cth,P32929,1p31.1
RBBP8,ctip,Q99708,18q11.2
CTNNA1,ctnna1,P35221,5q31.2
CTNNB1,ctnnb1,P35222,3p22.1
CTNND1,ctnnd1,O60716,11q12.1
JUP,ctnng,P14923,17q21.2
CTPS1,ctps,P17812,1p34.2
CTPS2,ctps2,Q9NRF8,Xp22.2
CTTNBP2NL,cttnbp2nl,Q9P2B4,1p13.2
CUEDC2,cuedc2,Q9H467,10q24.32
CUL5,cul5,Q93034,11q22.3
CUX1,cutl1,P39880,7q22.1
CXCR4,cxcr4,P61073,2q22.1
CYBA,cyba,P13498,16q24.2
CYLD,cyld,Q9NQC7,16q12.1
CYP17A1,cyp17a1,P05093,10q24.32
CYP19A1,cyp19a1,P11511,15q21.2
CYP3A4,cyp3a4,P08684,7q22.1
CYTH2,cytohesin 2,Q99418,19q13.33
DAB2,dab2,P98082,5p13.1
DAB2IP,dab2ip,Q5VWQ8,9q33.2
DACT1,dact1,Q9NYF0,14q23.1
DAP,dap,P51397,5p15.2
DAP3,dap3,P51398,1q22
CCDC88C,daple,Q9P219,14q32.11-q32.12
DAPP1,dapp1,Q9UN19,4q23
PPP1R1B,darpp-32,Q9UD71,17q12
SLC6A3,dat,Q01959,5p15.33
DAXX,daxx,Q9UER7,6p21.32
DAZAP1,dazap1,Q96EP5,19p13.3
DAZL,dazl,Q92904,3p24.3
CCAR2,dbc-1,Q8N163,8p21.3
DBF4,dbf4,Q9UBU7,7q21.12
DBN1,dbn1,Q16643,5q35.3
DBNL,dbnl,Q9UJU6,7p13
DCK,dck,P27707,4q13.3
DCP1A,dcp1a,Q9NPI6,3p21.1
DDA1,dda1,Q9BW61,19p13.11
DDB1,ddb1,Q16531,11q12.2
ASAP3,ddefl1,Q8TDY4,1p36.12
DDIT3,ddit3,P35638,12q13.3
DDX19A,ddx19a,Q9NUU7,16q22.1
DDX19B,ddx19b,Q9UMR2,16q22.1
DDX24,ddx24,Q9GZR7,14q32.12
DDX3X,ddx3,O00571,Xp11.4
DDX3Y,ddx3y,O15523,Yq11.221
DDX41,ddx41,Q9UJV9,5q35.3
EIF4A3,ddx48,P38919,17q25.3
DDX5,ddx5,P17844,17q23.3
DDX52,ddx52,Q9Y2R4,17q12
DDX58,ddx58,O95786,9p21.1
DEF6,def6,Q9H4E7,6p21.31
DEK,dek,P35659,6p22.3
DMTN,dematin,Q08495,8p21.3
DENND3,dennd3,A2RUS2,8q24.3
DEPDC1,depdc1,Q5TB30,1p31.3
DEPTOR,deptor,Q8TB45,8q24.12
DES,desmin,P17661,2q35
DSP,desmoplakin,P15924,6p24.3
DSTN,destrin,P60981,20p12.1
DGCR8,dgcr8,Q8WYQ5,22q11.21
DGKA,dgka,P23743,12q13.2
DIABLO,diablo,Q9NR28,12q24.31
DIAPH1,diaphanous-1,O60610,5q31.3
DIAPH2,diaphanous-2 iso4,Q17R91,Xq21.33
DIAPH3,diaphanous-3,Q9NSV4,13q21.2
DIXDC1,dixdc1,Q155Q3,11q23.1
DIXDC1,dixdc1 iso2,Q155Q3-2,11q23.1
DLC1,dlc1,Q96QB1,8p22
DLD,dld,P09622,7q31.1
DLG1,dlg1,Q12959,3q29
DLG3,dlg3 iso2,Q92796-2,Xq13.1
DLGAP5,dlg7,Q15398,14q22.3
DLX3,dlx3,O60479,17q21.33
DNAJB2,dnajb2,P25686,2q35
DNAJC5,dnajc5,Q9H3Z4,20q13.33
CD226,dnam-1,Q15762,18q22.2
DNMT1,dnmt1,P26358,19p13.2
DOCK6,dock6,Q96HP0,19p13.2
DOCK7,dock7,Q96N67,1p31.3
DOCK8,dock8,Q8NF50,9p24.3
DOK1,dok1,Q99704,2p13.1
OPRD1,dor-1,P41143,1p35.3
DCX,doublecortin iso2,O43602-2,Xq23
DPF3,dpf3 iso2,Q92784-2,14q24.2
DRD2,drd2,P14416,11q23.2
DRG1,drg1,Q9Y295,22q12.2
DRG2,drg2,P55039,17p11.2
DROSHA,drosha,Q9NRR4,5p13.3
DNM1L,drp1,O00429,12p11.21
ATN1,drpla,P54259,12p13.31
DSN1,dsn1,Q9H410,20q11.23
DTNB,dtnb,O60941,2p23.3
DUOX1,duox1,Q9NRD9,15q21.1
DUSP1,dusp1,P28562,5q35.1
DUSP10,dusp10,Q9Y6W6,1q41
DUSP16,dusp16,Q9BY84,12p13.2
DUSP3,dusp3,P51452,17q21.31
DUSP5,dusp5,Q16690,10q25.2
DUSP6,dusp6,Q16828,12q21.33
DUT,dutpase,P33316,15q21.1
DUT,dutpase iso2,P33316-2,15q21.1
DVL2,dvl2,O14641,17p13.1
DVL3,dvl3,Q92997,3q27.1
DNM1,dyn1,Q05193,9q34.11
DNM2,dyn2,P50570,19p13.2
DCTN1,dynactin 1,Q14203,2p13.1
DCTN6,dynactin 6,O00399,8p12
DYNLRB1,dynlrb1,Q9NP97,20q11.22
TCF3,e2a,P15923,19p13.3
TCF3,e2a iso2,P15923-2,19p13.3
E2F1,e2f1,Q01094,20q11.22
E2F3,e2f3,O00716,6p22.3
E2F4,e2f4,Q16254,16q22.1
E2F6,e2f6,O75461,2p25.1
NR2F6,ear-2,P10588,19p13.11
MAPRE1,eb1,Q15691,20q11.21
MAPRE3,eb3,Q9UPY8,2p23.3
EBNA1BP2,ebna1bp2,Q99848,1p34.2
PA2G4,ebp1,Q9UQ80,12q13.2
ECE1,ece1,P42892,1p36.12
,ece1 iso3,P42892-3,1p36.1
ECT2,ect2,Q9H8V3,3q26.31
EDC3,edc3,Q96F86,15q24.1
S1PR1,edg-1,P21453,1p21.2
EEA1,eea1,Q15075,12q22
EEF1A1,eef1a1,P68104,6q13
EEF1A2,eef1a2,Q05639,20q13.33
EEF1D,eef1d,P29692,8q24.3
EEF2,eef2,P13639,19p13.3
EFHD2,efhd2,Q96C19,1p36.21
EGLN2,egln2,Q96KS0,19q13.2
EHMT2,ehmt2,Q96KQ7,6p21.33
EIF2S1,eif2-alpha,P05198,14q23.3
EIF2S2,eif2-beta,P20042,20q11.22
EIF2S3,eif2-gamma,P41091,Xp22.11
EIF3J,eif3-alpha,O75822,15q21.1
EIF3F,eif3-epsilon,O00303,11p15.4
EIF4B,eif4b,P23588,12q13.13
EIF4E,eif4e,P06730,4q23
EIF4G1,eif4g,Q04637,3q27.1
EIF4G1,eif4g iso8,Q04637-8,3q27.1
EIF4G2,eif4g2,P78344,11p15.4
EIF4G3,eif4g3,O43432,1p36.12
EIF5,eif5,P55010,14q32.32
EIF6,eif6,P56537,20q11.22
ELF3,elf3,P78545,1q32.1
ELF4,elf4,Q99607,Xq26.1
NCBP3,elg,Q53F19,17p13.2
ELK1,elk1,P19419,Xp11.23
ELK4,elk4,P28324,1q32.1
ELL,ell,P55199,19p13.11
ELMO1,elmo1,Q92556,7p14.2-p14.1
ELMO2,elmo2,Q96JJ3,20q13.12
EMD,emerin,P50402,Xq28
EML3,eml3,Q32P44,11q12.3
EMSY,emsy,Q7Z589,11q13.5
SH3GL2,endophilin a1,Q99962,9p22.2
SH3GL1,endophilin a2,Q99961,19p13.3
SH3GLB1,endophilin b1,Q9Y371,1p22.3
ENG,eng,P17813,9q34.11
ENO1,eno1,P06733,1p36.23
NOS3,enos,P29474,7q36.1
ENOX2,enox2,Q16206,Xq26.1
ENPP3,enpp3,O14638,6q23.2
ENSA,ensa,O43768,1q21.3
,epac1 iso3,O95398-3,12q13
EPB41,epb41 iso2,P11171-2,1p35.3
EPB41,epb41 iso4,P11171-4,1p35.3
LIMA1,eplin,Q9UHB6,12q13.12
EPRS,eprs,P07814,1q41
EPS15,eps15,P42566,1p32.3
EPN1,epsin 1,Q9Y6I3,19q13.42
ESR1,er-alpha,P03372,6q25.1-q25.2
ESR2,er-beta,Q92731,14q23.2-q23.3
ERAL1,eral1,O75616,17q11.2
ERCC6,ercc6,Q03468,10q11.23
ERF,erf,P50548,19q13.2
ERG,erg,P11308,21q22.2
MAPK3,erk1 iso3,P27361-3,16p11.2
ETV5,erm,P41161,3q27.2
BMX,etk,P51813,Xp22.2
ETS1,ets-1,P14921,11q24.3
ETS2,ets-2,P15036,21q22.2
ETV1,etv1,P50549,7p21.2
MECOM,evi1,Q03112,3q26.2
EWSR1,ews,Q01844,22q12.2
EXOC7,exoc7,Q9UPT5,17q25.1
EXOSC9,exosc9,Q06265,4q27
XPO1,exportin-1,O14980,2p15
EYA1,eya1,Q99502,8q13.3
EYA3,eya3,Q99504,1p35.3
EZH2,ezh2,Q15910,7q36.1
EZH2,ezh2 iso2,Q15910-2,7q36.1
EZR,ezrin,P15311,6q25.3
F3,f3,P13726,1p21.3
F5,factor v,P12259,1q24.2
FADD,fadd,Q13158,11q13.3
FAF1,faf1,Q9UNN5,1p32.3
FAM103A1,fam103a1,Q9BTL3,15q25.2
FAM122A,fam122a,Q96E09,9q21.11
FAM129A,fam129a,Q9BZQ8,1q25.3
FAM129B,fam129b,Q96TA1,9q34.11
FAM160B2,fam160b2,Q86V87,8p21.3
FAM168B,fam168b,A1KXE4,2q21.1
MCRIP1,fam195b,C9JLW8,17q25.3
FAM21A,fam21a,Q641Q2,10q11.23
PIMREG,fam64a,Q9BSJ6,17p13.2
RMDN3,fam82a2,Q96TC7,15q15.1
FANCA,fanca,O15360,16q24.3
FANCD2,fancd2,Q9BXW9,3p25.3
FANCE,fance,Q9HB96,6p21.31
FANCG,fancg,O15287,9p13.3
FANCI,fanci,Q9NVI1,15q26.1
FARSA,farsla,Q9Y285,19p13.13
FSCN1,fascin,Q16658,7p22.1
FUBP1,fbp1,Q96AE4,1p31.1
FBP1,fbpase,P09467,9q22.32
FBXO43,fbx43,Q4G163,8q22.2
FBXO5,fbx5,Q9UKT4,6q25.2
KDM2A,fbxl11,Q9Y2K7,11q13.2
FBXO31,fbxo31,Q5XUX0,16q24.2
FBXO4,fbxo4,Q9UKT5,5p13.1
FBXW5,fbxw5,Q969U6,9q34.3
FBXW7,fbxw7,Q969H0,4q31.3
FCER1G,fcer1g,P30273,1q23.3
FCGR2A,fcgr2a,P12318,1q23.3
FCGR2B,fcgr2b,P31994,1q23.3
FCGR2C,fcgr2c,P31995,1q23.3
FCRL3,fcrl3,Q96P31,1q23.1
APBB1,fe65,O00213,11p15.4
FEN1,fen1,P39748,11q12.2
FEZ1,fez1,Q99689,11q24.2
FGA,fga,P02671,4q31.3
FGF14,fgf14,Q92915,13q33.1
FGF2,fgf2 iso3,P09038-2,4q28.1
FGF23,fgf23,Q9GZV9,12p13.32
FHIT,fhit,P49789,3p14.2
FHL1,fhl1 iso1,Q13642-1,Xq26.3
FHOD1,fhod1,Q9Y613,16q22.1
FIP1L1,fip1l1,Q6UN15,4q12
FLII,fli,Q13045,17p11.2
FLI1,fli1,Q01543,11q24.3
FLNA,flna,P21333,Xq28
FLNC,flnc,Q14315,7q32.1
FLOT1,flot1,O75955,6p21.33
FLOT2,flot2,Q14254,17q11.2
THOC5,fmip,Q13769,22q12.2
FMNL2,fmnl2 iso3,Q96PY5-3,2q23.3
FMR1,fmr1,Q06787,Xq27.3
FOS,fos,P01100,14q24.3
FOSB,fosb,P53539,19q13.32
FOXA1,foxa1,P55317,14q21.1
FOXA2,foxa2,Q9Y261,20p11.21
FOXC1,foxc1,Q12948,6p25.3
FOXC2,foxc2,Q99958,16q24.1
FOXG1,foxg1,P55316,14q12
FOXK2,foxk2,Q01167,17q25.3
FOXL2,foxl2,P58012,3q22.3
FOXM1,foxm1,Q08050,12p13.33
FOXM1,foxm1 iso2,Q08050-2,12p13.33
FOXN2,foxn2,P32314,2p16.3
FOXO1,foxo1a,Q12778,13q14.11
FOXO3,foxo3a,O43524,6q21
FOXO4,foxo4,P98177,Xq13.1
FOXP3,foxp3,Q9BZS1,Xp11.23
FPR1,fpr1,P21462,19q13.41
FOSL1,fra1,P15407,11q13.1
FRAT1,frat1,Q92837,10q24.1
FH,fumarase,P07954,1q43
FURIN,furin,P09958,15q26.1
FXN,fxn,Q16595,9q21.11
FXR1,fxr1,P51114,3q26.33
FYTTD1,fyttd1,Q96QD9,3q29
FZR1,fzr1,Q9UM11,19p13.3
GNA13,g-alpha 13,Q14344,17q24.1
GNAI2,g-alpha i2,P04899,3p21.31
GNAZ,g-alpha(z),P19086,22q11.22-q11.23
G3BP1,g3bp-1,Q13283,5q33.1
G6PD,g6pd,P11413,Xq28
G6PD,g6pd iso3,P11413-3,Xq28
GPI,g6pi,P06744,19q13.11
GAB1,gab1,Q13480,4q31.21
GAB2,gab2,Q9UQC2,11q14.1
GAD1,gad67,Q99259,2q31.1
GADD45GIP1,gadd45gip1,Q8TAE8,19p13.13
LGALS3,galectin-3,P17931,14q22.3
GAPDH,gapdh,P04406,12p13.31
GAPVD1,gapvd1,Q14C86,9q33.3
GATA1,gata1,P15976,Xp11.23
GATA2,gata2,P23769,3q21.3
GATA3,gata3,P23771,10p14
GATA4,gata4,P43694,8p23.1
GATA6,gata6,Q92908,18q11.2
GATA6,gata6 iso2,Q92908-2,18q11.2
GBF1,gbf1,Q92538,10q24.32
GCSAM,gcet2,Q8N6F7,3q13.2
GCM1,gcm1,Q9NP62,6p12.1
GSN,gelsolin,P06396,9q33.2
GEM,gem,P55040,8q22.1
GMNN,geminin,O75496,6p22.3
GFAP,gfap,P14136,17q21.31
GFPT1,gfat,Q06210,2p13.3
GFPT1,gfat iso2,Q06210-2,2p13.3
GGA1,gga1,Q9UJY5,22q13.1
GHRL,ghrelin,Q9UBU3,3p25.3
CCDC88A,girdin,Q3V6T2,2p16.1
KCNJ3,girk1,P48549,2q24.1
KCNJ5,girk4,P48544,11q24.3
GIT1,git1,Q9Y2X7,17q11.2
GIT2,git2,Q14161,12q24.11
GJA1,gja1,P17302,6q22.31
GLI1,gli1,P08151,12q13.3
GLI3,gli3,P10071,7p14.1
GLO1,glo1,Q04760,6p21.2
GLRB,glrb,P48167,4q32.1
NOP53,gltscr2,Q9NZM5,19q13.33
GRIA1,glur1,P42261,5q33.2
GRIK2,glur6,Q13002,6q16.3
SLC2A4,glut4,P14672,17p13.1
GLS,glutaminase iso3,O94925-3,2q32.2
GMFB,gmf-beta,P60983,14q22.2
GMPS,gmps,P49915,3q25.31
GOLGA4,golga4,Q13439,3p22.2
GOLPH3,golph3,Q9H4A6,5p13.3
IL6ST,gp130,P40189,5q11.2
GPKOW,gpkow,Q92917,Xp11.23
,gpr120 iso2,Q5NUL3-2,10q23.33
GPR15,gpr15,P49685,3q11.2
GPSM2,gpsm2,P81274,1p13.3
GPX1,gpx1,P07203,3p21.31
NR3C1,gr,P04150,5q31.3
GORASP2,grasp55,Q9H8Y8,2q31.1
GORASP1,grasp65,Q9BQQ3,3p22.2
GRB10,grb10,Q13322,7p12.1
GRB2,grb2,P62993,17q25.1
GRB7,grb7,Q14451,17q12
ARHGAP35,grf-1,Q9NRY4,19q13.32
GRK1,grk1,Q15835,13q34
GRK2,grk2,P25098,11q13.2
GRK4,grk4,P32298,4p16.3
GRK5,grk5,P34947,10q26.11
GRK6,grk6,P43250,5q35.3
GRK7,grk7,Q8WTQ7,3q23
GRN,grn,P28799,17q21.31
PDIA3,grp58,P30101,15q15.3
HSPA5,grp78,P11021,9q33.3
HSP90B1,grp94,P14625,12q23.3
GSK3B,gsk3b iso2,P49841-2,3q13.33
GSTA4,gsta4,O15217,6p12.2
GSTP1,gstp1,P09211,11q13.2
GTF2A1,gtf2a1,P52655,14q31.1
GTF2F1,gtf2f1,P35269,19p13.3
GTF2I,gtf2i,P78347,7q11.23
GTF2I,gtf2i iso2,P78347-2,7q11.23
BRF1,gtf3b,Q92994,14q32.33
GTF3C1,gtf3c1,Q12789,16p12.1
GTSE1,gtse1,Q9NYZ3,22q13.31
GUCY1B3,gucy1b3,Q02153,4q32.1
GYS1,gys1,P13807,19q13.33
HIST1H1B,h1b,P16401,6p22.1
HIST1H1C,h1c,P16403,6p22.2
HIST1H1E,h1e,P10412,6p22.2
HIST1H1A,h1f1,Q02539,6p22.2
HRH1,h1r,P35367,3p25.3
HIST1H2AI,h2a.1,P0C0S8,6p22.1
H2AFX,h2ax,P16104,11q23.3
HIST1H2BB,h2b,P33778,6p22.2
HIST1H2BC,h2b1c,P62807,6p22.2
HIST1H2BD,h2b1d,P58876,6p22.2
HIST1H2BH,h2b1h,Q93079,6p22.2
HIST1H2BK,h2b1k,O60814,6p22.1
HIST1H2BM,h2b1m,Q99879,6p22.1
HIST1H2BN,h2b1n,Q99877,6p22.1
HIST2H2BE,h2b2e,Q16778,1q21.2
HIST2H2BF,h2b2f,Q5QNW6,1q21.2
HIST1H2BO,h2bfh,P23527,6p22.1
HIST1H3A,h3,P68431,6p22.2
H3F3A,h3f3a,P84243,1q42.12
HIST1H4A,h4,P62805,6p22.2
HABP4,habp4,Q5JVS0,9q22.32
HACE1,hace1,Q8IYU2,6q16.3
HAS2,has2,Q92819,8q24.13
HBP1,hbp1,O60381,7q22.3
RSF1,hbxap,Q96T23,11q14.1
LAMTOR5,hbxip,O43504,1p13.3
HCN4,hcn4,Q9Y3Q4,15q24.1
HCRTR1,hcrtr1,O43613,1p35.2
HDAC1,hdac1,Q13547,1p35.2-p35.1
HDAC2,hdac2,Q92769,6q21
HDAC3,hdac3,O15379,5q31.3
HDAC4,hdac4,P56524,2q37.3
HDAC5,hdac5,Q9UQL6,17q21.31
HDAC6,hdac6,Q9UBN7,Xp11.23
HDAC7,hdac7,Q8WUI4,12q13.11
HDAC8,hdac8,Q9BY41,Xq13.1
HDAC9,hdac9,Q9UKV0,7p21.1
NDC80,hec1,O14777,18p11.32
HECTD3,hectd3,Q5T447,1p34.1
PTPN7,heptp,P35236,1q32.1
ERBB2,her2,P04626,17q12
ERBB4,her4,Q15303,2q34
HES6,hes6,Q96HZ4,2q37.3
HEXIM1,hexim1,O94992,17q21.31
HHEX,hhex,Q03014,10q23.33
TGFB1I1,hic-5,O43294,16p11.2
HIF1A,hif1a,Q16665,14q23.2
EPAS1,hif2a,Q99814,2p21
ST13,hip,P50502,22q13.2
KCNJ4,hir,P48050,22q13.1
HIRA,hira,P54198,22q11.21
HIST1H2BJ,hist1h2bj,P06899,6p22.1
HIST2H2BC,hist2h2bc,Q6DN03,1q21.2
HIST2H2BD,hist2h2bd,Q6DRA6,1q21.2
HIVEP1,hivep1,P15822,6p24.1
HJURP,hjurp,Q8NCD3,2q37.1
HK1,hk1,P19367,10q22.1
HK2,hk2,P52789,2p12
HLA-A,hlaa,P01892,6p22.1
HLA-B,hlab iso7,P01889,6p21.33
HMGA1,hmga1,P17096,6p21.31
HMGA1,hmga1 iso2,P17096-2,6p21.31
HMGCS1,hmgcs1,Q01581,5p12
HMGN1,hmgn1,P05114,21q22.2
HMGN2,hmgn2,P05204,1p36.11
HMOX1,hmox1,P09601,22q12.3
JPT2,hn1l,Q9H910,16p13.3
HNF1A,hnf1a,P20823,12q24.31
HNF4A,hnf4 alpha,P41235,20q13.12
HNRNPA0,hnrnp a0,Q13151,5q31.2
HNRNPA1,hnrnp a1,P09651,12q13.13
HNRNPA2B1,hnrnp a2/b1,P22626,7p15.2
HNRNPC,hnrnp c1/c2,P07910,14q11.2
HNRNPD,hnrnp d0,Q14103,4q21.22
PCBP1,hnrnp e1,Q15365,2p13.3
HNRNPH1,hnrnp h1,P31943,5q35.3
HNRNPH2,hnrnp h2,P55795,Xq22.1
PTBP1,hnrnp i,P26599,19p13.3
HNRNPK,hnrnp k,P61978,9q21.32
HNRNPL,hnrnp l,P14866,19q13.2
HNRNPM,hnrnp m,P52272,19p13.2
FUS,hnrnp p2,P35637,16p11.2
HNRNPU,hnrnp u,Q00839,1q44
HNRNPU,hnrnp u iso2,Q00839-2,1q44
HOXA11,hoxa11,P31270,7p15.2
HOXB7,hoxb7,P09629,17q21.32
CBX5,hp1 alpha,P45973,12q13.13
HRAS,hras,P01112,11p15.5
HRC,hrc,P23327,19q13.33
HCLS1,hs1,P14317,3q13.33
HSF1,hsf1,Q00613,8q24.3
HSF4,hsf4,Q9ULV5,16q22.1
LIPE,hsl,Q05469,19q13.2
HSPB6,hsp20,O14558,19q13.12
HSPB1,hsp27,P04792,7q11.23
DNAJB1,hsp40,P25685,19p13.12
HSPA1B,hsp70,P0DMV8,6p21.33
TRAP1,hsp75,Q12931,16p13.3
HSP90AA1,hsp90a,P07900,14q32.31
HSP90AB1,hsp90b,P08238,6p21.1
HSPA9,hspa9b,P38646,5q31.2
HSPB8,hspb8,Q9UJY1,12q24.23
HTRA2,htra2,O43464,2p13.1
HTT,huntingtin,P42858,4p16.3
ELAVL1,hur,Q15717,19p13.2
HUWE1,huwe1,Q7Z6Z7,Xp11.22
HVCN1,hvcn1,Q96D96,12q24.11
IBTK,ibtk,Q9P2D0,6q14.1
ICAM3,icam3,P32942,19p13.2
ITGB1BP1,icap1,O14713,2p25.1
ID1,id1,P41134,20q11.21
ID2,id2,Q02363,2p25.1
ID3,id3,Q02535,1p36.12
IDI1,idi1,Q13907,10p15.3
IER3,iex-1,P46695,6p21.33
IFI16,ifi16,Q16666,1q23.1
IFITM3,ifitm3,Q01628,11p15.5
IFNAR1,ifnar1,P17181,21q22.11
IGF2R,igf2r,P11717,6q25.3
IGFBP1,igfbp1,P08833,7p12.3
IGFBP3,igfbp3,P17936,7p12.3
TMIGD2,igpr-1,Q96BF3,19p13.3
IP6K2,ihpk2,Q9UHH9,3p21.31
IKZF1,ikaros,Q13422,7p12.2
NFKBIA,ikb-alpha,P25963,14q13.2
NFKBIB,ikb-beta,Q15653,19q13.2
IKBKG,ikkg,Q9Y6K9,Xq28
IL16,il16,Q14005,15q25.1
IL17RA,il17ra,Q96F46,22q11.1
IL2RA,il2ra,P01589,10p15.1
IL2RB,il2rb,P14784,22q12.3
IMMT,immt,Q16891,2p11.2|2
IMPDH2,impdh2,P12268,3p21.31
INCA1,inca1,Q0VD86,17p13.2
INCENP,incenp,Q9NQS7,11q12.3
INF2,inf2,Q27J81,14q32.33
ING1,ing1 iso2,Q9UK53-2,13q34
ING5,ing5,Q8WYH8,2q37.3
NOS2,inos,P35228,17q11.2
INSR,insr iso2,P06213-2,19p13.2
INVS,invs,Q9Y283,9q31.1
ITPR1,ip3r1,Q14643,3p26.1
IQGAP1,iqgap1,P46940,15q26.1
IQGAP2,iqgap2,Q13576,5q13.3
ACO1,ireb1,P21399,9p21.1
IREB2,ireb2,P48200,15q25.1
CD300LF,irem-1,Q8TDQ1,17q25.1
IRF1,irf1,P10914,5q31.1
IRF3,irf3,Q14653,19q13.33
IRF5,irf5,Q13568,7q32.1
IRF7,irf7,Q92985,11p15.5
IRS1,irs1,P35568,2q36.3
IRS2,irs2,Q9Y4H2,13q34
BAIAP2,irsp53,Q9UQB8,17q25.3
BAIAP2L1,irtks,Q9UHR4,7q21.3-q22.1
ISCU,iscu,Q9H1K1,12q23.3
ITCH,itch,Q96J02,20q11.22
,itch iso2,Q96J02-2,20q11.22-q11.23
ITGA2,itga2,P17301,5q11.2
ITGA4,itga4,P13612,2q31.3
ITGB1,itgb1,P05556,10p11.22
ITGB2,itgb2,P05107,21q22.3
ITGB3,itgb3,P05106,17q21.32
ITGB4,itgb4,P16144,17q25.1
ITGB4,itgb4 iso2,P16144-2,17q25.1
ITGB5,itgb5,P18084,3q21.2
ITGB7,itgb7,P26010,12q13.13
ITPKA,itpka,P23677,15q15.1
JADE1,jade1,Q6IE81,4q28.2
F11R,jam-a,Q9Y624,1q23.3
KDM5A,jarid1a,P29375,12p13.33
JDP2,jdp2,Q8WYK2,14q24.3
MAPK8IP1,jip1,Q9UQF2,11p11.2
MAPK8IP3,jip3,Q9UPT6,16p13.3
SPAG9,jip4,O60271,17q21.33
KDM3A,jmjd1a,Q9Y4C1,2p11.2
KDM4B,jmjd2b,O94953,19p13.3
MAPK8,jnk1 iso2,P45983-2,10q11.22
MAPK8,jnk1 iso3,P45983-3,10q11.22
MAPK10,jnk3 iso2,P53779-2,4q21.3
JPH2,jph2,Q9BR39,20q13.12
AIMP2,jtv1,Q13155,7p22.1
AJUBA,jub,Q96IF1,14q11.2
JUN,jun,P05412,1p32.1
JUNB,junb,P17275,19p13.13
JUND,jund,P17535,19p13.11
KRT18,k18,P05783,12q13.13
KRT19,k19,P08727,17q21.2
KRT20,k20,P35900,17q21.2
KRT8,k8,P05787,12q13.13
KALRN,kalirin,O60229,3q21.1-q21.2
KARS,kars,Q15046,16q23.1
KATNA1,katna1,O75449,6q25.1
SLC12A4,kcc1,Q9UP95,16q22.1
SLC12A5,kcc2,Q9H2X9,20q13.12
SLC12A6,kcc3,Q9UHW9,15q14
SLC12A7,kcc4,Q9Y666,5p15.33
KCNE3,kcne3,Q9Y6H6,11q13.4
KCNJ13,kcnj13,O60928,2q37.1
KCNJ2,kcnj2,P63252,17q24.3
KCNK3,kcnk3,O14649,2p23.3
KCNK9,kcnk9,Q9NPC2,8q24.3
KCNMA1,kcnma1,Q12791,10q22.3
KCNN1,kcnn1,Q92952,19p13.11
KCNN2,kcnn2,Q9H2S1,5q22.3
KCNN4,kcnn4,O15554,19q13.31
KCTD12,kctd12,Q96CX2,13q22.3
KDELR1,kdelr1,P24390,19q13.33
KEAP1,keap1,Q14145,19p13.2
PPP1R14C,kepi,Q8TAE6,6q25.1
KHSRP,khsrp,Q92945,19p13.3
MKI67,ki-67,P46013,10q26.2
WWC1,kibra,Q8IX03,5q34
KIF11,kif11,P52732,10q23.33
KIF13B,kif13b,Q9NQT8,8p12
KIF14,kif14,Q15058,1q32.1
KIF20A,kif20a,O95235,5q31.2
KIF20B,kif20b,Q96Q89,10q23.31
KIF22,kif22,Q14807,16p11.2
KIF23,kif23,Q02241,15q23
KIF23,kif23 iso2,Q02241-2,15q23
KIF2A,kif2a,O00139,5q12.1
KIF2B,kif2b,Q8N4N8,17q22
KIF2C,kif2c,Q99661,1p34.1
KIF3A,kif3a,Q9Y496,5q31.1
KIF4A,kif4a,O95239,Xq13.1
KIFC1,kifc1,Q9BW19,6p21.32
FERMT2,kindlin-2,Q96AC1,14q22.1
KIR3DL1,kir3dl1,P43629,19q13.42
KCNJ11,kir6.2,Q14654,11p15.1
KIZ,kizuna,Q2M2Z5,20p11.23
KLC1,klc1,Q07866,14q32.33
KLC2,klc2,Q9H0B6,11q13.2
KLF10,klf10,Q13118,8q22.3
KLF3,klf3,P57682,4p14
KLF5,klf5,Q13887,13q22.1
KLF8,klf8,O95600,Xp11.21
KLHL3,klhl3,Q9UH77,5q31.2
OPRK1,kor-1,P41145,8q11.23
OPRL1,kor-3,P41146,20q13.33
KPNA1,kpna1,P52294,3q21.1
KPNA2,kpna2,P52292,17q24.2
KRAS,kras iso2,P01116-2,12p12.1
KSR1,ksr,Q8IVT5,17q11.2
XRCC6,ku70,P12956,22q13.2
XRCC5,ku80,P13010,2q35
KCNAB2,kv-beta2,Q13303,1p36.31
KCNA1,kv1.1,Q09470,12p13.32
KCNA3,kv1.3,P22001,1p13.3
KCNA4,kv1.4,P22459,11p14.1
KCNA5,kv1.5,P22460,12p13.32
KCNH2,kv11.1,Q12809,7q36.1
KCNH2,kv11.1 iso5,Q12809_VAR_014388,7q36.1
KCNB1,kv2.1,Q14721,20q13.13
KCNC4,kv3.4,Q03721,1p13.3
KCND2,kv4.2,Q9NZV8,7q31.31
KCND3,kv4.3,Q9UK17,1p13.2
KCNQ1,kv7.1,P51787,11p15.5-p15.4
,kv7.2 iso4,O43526-4,20q13.3
MYCL,l-myc,P12524,1p34.2
LCP1,l-plastin,P13796,13q14.13
LAT2,lab,Q9GZY6,7q11.23
EPM2A,laforin,O95278,6q24.3
LAMC1,lamc1,P11047,1q25.3
LMNA,lamin a/c,P02545,1q22
LMNB1,lamin b1,P20700,5q23.2
LMNB2,lamin b2,Q03252,19p13.3
LAMP2,lamp2,P13473,Xq24
LARP1,larp,Q6PKG0,5q33.2
LARP6,larp6,Q9BRS8,15q23
LASP1,lasp-1,Q14847,17q12
CERS4,lass4,Q9HA82,19p13.2
CERS5,lass5,Q8N5B7,12q13.12
CERS6,lass6,Q6ZMG9,2q24.3
LAT,lat iso2,O43561-2,16p11.2
LBR,lbr,Q14739,1q42.12
MAP1LC3A,lc3a,Q9H492,20q11.22
DYNLL1,lc8,P63167,12q24.31
LDHA,ldh-a,P00338,11p15.1
PSIP1,ledgf,O75475,9p22.3
LEF1,lef-1,Q9UJU2,4q25
LETM1,letm1,O95202,4p16.3
LGMN,lgmn,Q99538,14q32.12
LIFR,lifr,P42702,5p13.1
LIG1,lig1,P18858,19q13.33
LIG3,lig3,P49916,17q12
LIG4,lig4,P49917,13q33.3
LIN52,lin52,Q52LA3,14q24.3
LIN9,lin9,Q5TKA1,1q42.12
CNTROB,lip8,Q8N137,17p13.1
PPFIA1,liprin alpha 1,Q13136,11q13.3
STK11,lkb1 iso2,Q15831-2,19p13.3
LMO7,lmo7,Q8WWI1,13q22.2
LPP,lpp,Q93052,3q27.3-q28
LRCH3,lrch3,Q96II8,3q29
LRP1,lrp1,Q07954,12q13.3
LRP6,lrp6,O75581,12p13.2
LRRC4C,lrrc4c,Q9HCJ2,11p12
KDM1A,lsd1,O60341,1p36.12
LSP1,lsp1,P33241,11p15.5
LTB4R,ltb4r,Q15722,14q12
LTB4R2,ltb4r2,Q9NPC1,14q12
LTC4S,ltc4s,Q16873,5q35.3
BCAM,lu,P50895,19q13.32
NR1H3,lxr-alpha,Q13133,11p11.2
NR1H2,lxr-beta,P55055,19q13.33
LY96,ly96,Q9Y6Y9,8q21.11
LYL1,lyl1,P12980,19p13.13
CHRM2,machr m2,P08172,7q33
MXD1,mad1,Q05195,2p13.3
MAD1L1,mad1l1,Q9Y6D9,7p22.3
MAD2L1,mad2l1,Q13257,4q27
MAF1,maf1,Q9H063,8q24.3
MAFA,mafa,Q8NHW3,8q24.3
MAGEA11,mage-a11,P43364,Xq28
MAOA,maoa,P21397,Xp11.3
MAP2,map2,P11137,2q34
MAP2,map2 iso3,P11137-3,2q34
MAP4,map4,P27816,3p21.31
MAP7,map7,Q14244,6q23.3
MAP9,map9,Q49MG5,4q32.1
MARCKS,marcks,P29966,6q21
MARK3,mark3 iso3,P27448-3,14q32.32-q32.33
MARS,mars,P56192,12q13.3
MATR3,matrin 3,P43243,5q31.2
MAX,max,P61244,14q23.3
MAZ,maz,P56270,16p11.2
MBD3,mbd3,O95983,19p13.3
MBD4,mbd4,O95243,3q21.3
PCGF6,mblr,Q9BYE7,10q24.33
MBP,mbp,P02686,18q23
MBP,mbp iso5,P02686-5,18q23
MC4R,mc4r,P32245,18q21.32
MCL1,mcl1,Q07820,1q21.2
MCM2,mcm2,P49736,3q21.3
MCM3,mcm3,P25205,6p12.2
MCM4,mcm4,P33991,8q11.21
MCM5,mcm5,P33992,22q12.3
MCM7,mcm7,P33993,7q22.1
NR3C2,mcr,P08235,4q31.23
MCRS1,mcrs1,Q96EZ8,12q13.12
MCTS1,mcts1,Q9ULC4,Xq24
IFIH1,mda5,Q9BYX4,2q24.2
MDC1,mdc1,Q14676,6p21.33
MDM2,mdm2,Q00987,12q15
MDM4,mdm4,O15151,1q32.1
MECP2,mecp2,P51608,Xq28
MED1,med1,Q15648,17q12
MED28,med28,Q9H204,4p15.32
MEF2A,mef2a,Q02078,15q26.3
MEF2C,mef2c,Q06413,5q14.3
MEF2C,mef2c iso3,Q06413-3,5q14.3
MEF2D,mef2d,Q14814,1q22
MEGF10,megf10,Q96KG7,5q23.2
MAP2K1,mek1,Q02750,15q22.31
MAP2K2,mek2,P36507,19p13.3
MAP2K5,mek5,Q13163,15q23
MAP3K1,mekk1,Q13233,5q11.2
MAP3K4,mekk4,Q9Y6R4,6q26
MAP3K6,mekk6,O95382,1p36.11
MEN1,men1 iso2,O00255-2,11q13.1
NF2,merlin,P35240,22q12.2
METTL1,mettl1,Q9UBP6,12q14.1
MFAP1,mfap1,P55081,15q15.3
MFN2,mfn2,O95140,1p36.22
RACGAP1,mgcracgap,Q9H0H5,12q13.12
ERRFI1,mig-6,Q9UJM3,1p36.23
MIIP,miip,Q5JXC2,1p36.22
MIS18A,mis18a,Q9NYP9,21q22.11
MISP,misp,Q8IVT2,19p13.3
MITF,mitf,O75030,3p13
MITF,mitf iso9,O75030-9,3p13
MAP2K3,mkk3,P46734,17p11.2
MAP2K4,mkk4,P45985,17p12
MAP2K6,mkk6,P52564,17q24.3
MAP2K7,mkk7,O14733,19p13.2
MKL1,mkl1,Q969V6,22q13.1-q13.2
MLH1,mlh1,P40692,3p22.2
KMT2A,mll,Q03164,11q23.3
KMT2D,mll4,O14686,12q13.12
KMT2E,mll5,Q8IZD2,7q22.3
MLLT1,mllt1,Q03111,19p13.3
MARCKSL1,mlp,P49006,1p35.1
MMP14,mmp14,P50281,14q11.2
MMP2,mmp2,P08253,16q12.2
MKNK1,mnk1 iso2,Q9BUB5-2,1p33
MOB1A,mob1a,Q9H8S9,2p13.1
MOB1B,mob1b,Q7L9L4,4q13.3
MSN,moesin,P26038,Xq12
OPRM1,mor-1,P35372,6q25.2
MORC2,morc2,Q9Y6X9,22q12.2
MPHOSPH10,mphosph10,O00566,2p13.3
MRE11,mre11a,P49959,11q21
MYL9,mrlc1,P24844,20q11.23
MYL12B,mrlc2,O14950,18p11.31
MYL2,mrlc2v,P10916,12q24.11
MRPS18B,mrps18b,Q9Y676,6p21.33
MRTO4,mrto4,Q9UKD2,1p36.13
MSH2,msh2,P43246,2p21-p16.3
MSX2,msx2,P35548,5q35.2
MTA1,mta1,Q13330,14q32.33
MTHFD1L,mthfd1l,Q6UB35,6q25.1
MTHFR,mthfr,P42898,1p36.22
MTMR2,mtmr2,Q13614,11q21
MTOR,mtor,P42345,1p36.22
MTSS1,mtss1,O43312,8q24.13
MTURN,mturn,Q8N3F0,7p14.3
MUC1,muc1,P15941,1q22
MCOLN1,mucolipin 1,Q9GZU1,19p13.2
MYB,myb,P10242,6q23.3
MYBBP1A,mybbp1a,Q9BQG0,17p13.2
MYBPC3,mybpc3,Q14896,11p11.2
MYC,myc,P01106,8q24.21
MYCBP2,mycbp2,O75592,13q22.3
MYF5,myf-5,P13349,12q21.31
MYH10,myh10,P35580,17p13.1
MYH2,myh2,Q9UKX2,17p13.1
MYH9,myh9,P35579,22q12.3
MYOM2,myomesin 2,P54296,8p23.3
PPP1R12A,mypt1,O14974,12q21.2-q21.31
KAT7,myst2,O95251,17q21.33
KAT6A,myst3,Q92794,8p11.21
NCOR1,n-cor1,O75376,17p12-p11.2
MYCN,n-myc,P04198,2p24.3
WASL,n-wasp,O00401,7q31.32
NACA,naca,E9PAV3,12q13.3
CHRNA7,nachra7,P36544,15q13.3
NAGK,nagk,Q9UJ70,2p13.3
NANOG,nanog,Q9H9S0,12p13.31
BABAM1,nba1,Q9NWV8,19p13.11
NBN,nbs1,O60934,8q21.3
L1CAM,ncam-l1,P32004,Xq28
NCAPG,ncapg,Q9BPX3,4p15.31
NCAPH,ncaph,Q15003,2q11.2
NCAPH2,ncaph2,Q6IBW4,22q13.33
NCBP1,ncbp1,Q09161,9q22.33
SLC12A3,ncct,P55017,16q13
NCK1,nck1,P16333,3q22.3
NCKAP5L,nckap5l,Q9HCH0,12q13.12
NCKIPSD,nckipsd,Q9NZQ3,3p21.31
NCL,ncl,P19338,2q37.1
NCOA6,ncoa6,Q14686,20q11.22
NDEL1,ndel1,Q9GZM8,17p13.1
NDFIP2,ndfip2,Q9NV92,13q31.1
NDRG1,ndrg1,Q92597,8q24.22
NDRG2,ndrg2,Q9UN36,14q11.2
NDUFS4,ndufs4,O43181,5q11.2
NDUFV2,ndufv2,P19404,18p11.22
NEDD1,nedd1,Q8NHV4,12q23.1
NEDD4L,nedd4l,Q96PU5,18q21.31
NEIL1,neil1,Q96FI4,15q24.2
NELFCD,nelfcd iso4,Q8IXH7-4,20q13.32
NET1,net1,Q7Z628,10p15.1
PPP1R9A,neurabin 1,Q9ULJ8,7q21.3
NFE2,nf-e2,Q16621,12q13.13
NF1,nf1 iso2,P21359-2,17q11.2
NFATC1,nfat2,O95644,18q23
NFATC4,nfat3,Q14934,14q12
NFATC3,nfat4,Q12968,16q22.1
NFAT5,nfat5,O94916,16q22.1
ILF3,nfat90,Q12906,19p13.2
NFE2L1,nfe2l1,Q14494,17q21.32
NEFH,nfh,P12036,22q12.2
NFKB2,nfkb-p100,Q00653,10q24.32
NFKB1,nfkb-p105,P19838,4q24
RELA,nfkb-p65,Q04206,11q13.1
NEFL,nfl,P07196,8p21.2
NGFR,ngfr,P08138,17q21.33
SLC9A1,nhe1,P19634,1p36.11
SLC9A3,nhe3,P48764,5p15.33
SLC9A5,nhe5,Q14940,16q22.1
NHEJ1,nhej1,Q9H9Q4,2q35
SLC9A3R1,nherf,O14745,17q25.1
SLC9A3R2,nherf-2,Q15599,16p13.3
NHS,nhs,Q6T4R5,Xp22.2-p22.13
NCSTN,nicastrin,Q92542,1q23.2
UBAP2L,nice-4,Q14157,1q21.3
NIFK,nifk,Q9BYG3,2q14.3
ZC3HC1,nipa,Q86WB0,7q32.2
PPP1R8,nipp-1,Q12972,1p35.3
SLC12A2,nkcc1,P55011,5q23.3
SLC12A1,nkcc2,Q13621,15q21.1
NKX3-1,nkx3-1,Q99801,8p21.2
NLGN4X,nlgn4x,Q8N0W4,Xp22.32-p22.31
NINL,nlp,Q9Y2I6,20p11.21
NLRP3,nlrp3,Q96P20,1q44
GRIN1,nmdar1,Q05586,9q34.3
GRIN2A,nmdar2a,Q12879,16p13.2
GRIN2B,nmdar2b,Q13224,12p13.1
NME1,nme1,P15531,17q21.33
NME2,nme2,P22392,17q21.33
NMNAT1,nmnat1,Q9HAN9,1p36.22
NMT1,nmt1,P30419,17q21.31
NOB1,nob1p,Q9ULX3,16q22.1
RTN4,nogo,Q9NQC3,2p16.1
RTN4,nogo iso2,Q9NQC3-2,2p16.1
NOLC1,nolc1,Q14978,10q24.32
CNOT2,not2,Q9NZN8,12q15
NOTCH1,notch 1,P46531,9q34.3
NOX4,nox4,Q9NPH5,11q14.3
NOX5,nox5 iso4,Q96PH1-4,15q23
PMAIP1,noxa,Q13794,18q21.32
NOXA1,noxa1,Q86UR1,9q34.3
NOXO1,noxo1 iso3,Q8NFA2-3,16p13.3
NPAT,npat,Q14207,11q22.3
NPHP1,nphp1,O15259,2q13
NPHS1,nphs1,O60500,19q13.12
NPM1,npm1,P06748,5q35.1
NR0B2,nr0b2,Q15466,1p36.11
NR1D1,nr1d1,P20393,17q21.1
NR1H4,nr1h4 iso2,Q96RI1-2,12q23.1
NR1I3,nr1i3,Q14994,1q23.3
NR5A2,nr5a2,O00482,1q32.1
NRAS,nras,P01111,1p13.2
NFE2L2,nrf2,Q16236,2q31.2
NRG1,nrg1 iso6,Q02297-6,8p12-p21
ITGB3BP,nrif3,Q13352,1p31.3
NRXN1,nrxn1 iso1,P58400-1,2p16.3
HMGN5,nsbp1,P82970,Xq21.1
DAGLA,nsddr,Q9Y4D2,11q12.2
NSF,nsf,P46459,17q21.31
NSFL1C,nsfl1c,Q9UNZ2,20p13
NSUN2,nsun2,Q08J23,5p15.31
NUCKS1,nucks,Q9H1E3,1q32.1
NUDC,nudc,Q9Y266,1p36.11
NDE1,nude1,Q9NXR1,16p13.11
NUMA1,numa-1,Q14980,11q13.4
NUMB,numb,P49757,14q24.2-q24.3
NUP133,nup133,Q8WUM0,1q42.13
NUP153,nup153,P49790,6p22.3
NUP214,nup214,P35658,9q34.13
NUP50,nup50,Q9UKX7,22q13.31
NUP98,nup98,P52948,11p15.4
NUP98,nup98 iso2,P52948-2,11p15.4
NR4A1,nur77,P22736,12q13.13
NUSAP1,nusap1,Q9BXS6,15q15.1
NABP2,obfc2b,Q9BQ15,12q13.3
OCLN,occludin,Q16625,5q13.2
ODF2,odf2 iso3,Q5BJF6-3,9q34.11
OGFR,ogfr,Q9NZT2,20q13.33
OGT,ogt,O15294,Xq13.1
OPTN,optineurin,Q96CV9,10p13
ORAI1,orai1,Q96D31,12q24.31
ORC1,orc1l,Q13415,1p32.3
ORC2,orc2,Q13416,2q33.1
ORC6,orc6l,Q9Y5N6,16q11.2
OSBP,osbp,P22059,11q12.1
OSBPL11,osbpl11,Q9BXB4,3q21.2
OSTF1,ostf1,Q92882,9q21.13
OTUB1,otub1,Q96FW1,11q13.1
BCAR1,p130cas,P56945,16q23.1
CDKN2A,p16-ink4a,P42771,9p21.3
CDKN2A,p16-ink4a iso4,Q8N726,9p21.3
CDKN1A,p21cip1,P38936,6p21.2
CDKN1B,p27kip1,P46527,12p13.1
EP300,p300,Q09472,22q13.2
NREP,p311,Q16612,5q22.1
NCF4,p40phox,Q15080,22q12.3
NCF1,p47phox,P14598,7q11.23
TP53,p53,P04637,17p13.1
CDKN1C,p57kip2,P49918,11p15.4
TP63,p63,Q9H3D4,3q28
TP63,p63 iso2,Q9H3D4-2,3q28
NCF2,p67phox,P19878,1q25.3
RPS6KB1,p70s6k iso2,P23443-2,17q23.1
TP73,p73,O15350,1p36.32
TP73,p73 iso2,O15350-2,1p36.32
RPS6KA1,p90rsk,Q15418,1p36.11
PACS1,pacs-1,Q6VY07,11q13.1-q13.2
PACS2,pacs2,Q86VP3,14q32.33
PACSIN1,pacsin1,Q9BY11,6p21.31
PAG1,pag,Q9NWQ8,8q21.13
PAGE4,page4,O60829,Xp11.23
PAH,pah,P00439,12q23.2
PAICS,paics,P22234,4q12
PALLD,palladin,Q8WX93,4q32.3
PAQR3,paqr3,Q6TCH7,4q21.21
PAWR,par-4,Q96IZ0,12q21.2
PARD3,par3-alpha,Q8TEW0,10p11.22-p11.21
PARD6A,pard6a,Q9NPB6,16q22.1
ZNF746,paris,Q6NUN9,7q36.1
PRKN,park2,O60260,6q26
PARN,parn,O95453,16p13.12
PARP1,parp1,P09874,1q42.12
PARP10,parp10,Q53GL7,8q24.3
PATL1,patl1,Q86TB9,11q12.1
PAX3,pax3,P23760,2q36.1
,pax3-foxo1,AAC50053,
PCF11,pcf11,O94913,11q14.1
PCM1,pcm-1,Q15154,8p22
PCNA,pcna,P12004,20p12.3
PCNT,pcnt,O95613,21q22.3
PDCD10,pdcd10,Q9BUL8,3q26.1
PDCD4,pdcd4,Q53EL6,10q25.2
PDCD5,pdcd5,O14737,19q13.11
PDE10A,pde10a iso2,Q9Y233-2,6q27
PDE11A,pde11a,Q9HCR9,2q31.2
PDE3A,pde3a,Q14432,12p12.2
PDE3B,pde3b,Q13370,11p15.2
PDE4A,pde4a,P27815,19p13.2
PDE4B,pde4b,Q07343,1p31.3
PDE4B,pde4b iso2,Q07343-2,1p31.3
PDE4C,pde4c iso2,Q08493-2,19p13.11
PDE4D,pde4d iso2,Q08499-2,5q11.2-q12.1
PDE4D,pde4d iso4,Q08499-4,5q11.2-q12.1
PDE4D,pde4d iso5,Q08499-5,5q11.2-q12.1
PDE4D,pde4d iso6,Q08499-6,5q11.2-q12.1
PDE4D,pde4d iso7,Q08499-7,5q11.2-q12.1
PDE5A,pde5a,O76074,4q26
PDHA1,pdha1,P08559,Xp22.12
PDHA2,pdha2,P29803,4q22.3
PDIA6,pdia6,Q15084,2p25.1
PDP1,pdp1,Q9P0J1,8q22.1
PDX1,pdx1,P52945,13q12.2
PEA15,pea-15,Q15121,1q23.2
PEAK1,peak1,Q9H792,15q24.3
PECAM1,pecam-1,P16284,17q23.3
SERPINF1,pedf,P36955,17p13.3
PELI1,peli1,Q96FA3,2p14
PELI2,peli2,Q9HAT8,14q22.3
PELP1,pelp1,Q8IZL8,17p13.2
PER2,per2,O15055,2q37.3
PEX5,pex5,P50542,12p13.31
PFKFB2,pfkfb2,O60825,1q32.1
PFKFB3,pfkfb3,Q16875,10p15.1
PFKM,pfkm,P08237,12q13.11
PGAM1,pgam1,P18669,10q24.1
PPARGC1A,pgc-1 alpha,Q9UBK2,4p15.2
PGK1,pgk1,P00558,Xq21.1
PGM1,pgm1,P36871,1p31.3
PHACTR3,phactr3,Q96KR7,20q13.32-q13.33
PHB,phb,P35232,17q21.33
PHF14,phf14,O94880,7p21.3
PHF2,phf2,O75151,9q22.31
PHF20,phf20,Q9BVI0,20q11.22-q11.23
PHF8,phf8,Q9UPP1,Xp11.22
PHGDH,phgdh,O43175,1p12
PHLDA1,phlda1,Q8WV24,12q21.2
PDCL,phlp,Q13371,9q33.2
PHLPP1,phlpp,O60346,18q21.33
PHOX2A,phox2a,O14813,11q13.4
PIAS1,pias1,O75925,15q23
PIAS4,pias4,Q8N2W9,19p13.3
ERCC6L,pich,Q2NKX8,Xq13.1
PICK1,pick1,Q9NRD5,22q13.1
PIK3C2A,pik3c2a,O00443,11p15.1
PIK3C3,pik3c3,Q8NEB9,18q12.3
PIK3CB,pik3cb,P42338,3q22.3
PIK3CD,pik3cd,O00329,1p36.22
PIK3CG,pik3cg,P48736,7q22.3
PIK3R1,pik3r1,P27986,5q13.1
PIK3R3,pik3r3,Q92569,1p34.1
PI4KB,pik4cb,Q9UBF8,1q21.3
PI4KB,pik4cb iso2,Q9UBF8-2,1q21.3
PIKFYVE,pikfyve,Q9Y2I7,2q34
TGS1,pimt,Q96RS0,8q12.1
PIN1,pin1,Q13526,19p13.2
PIN4,pin4,Q9Y237,Xq13.1
PINX1,pinx1,Q96BK5,8p23.1
PIP4K2A,pip4k2a,P48426,10p12.2
PIP4K2B,pip4k2b,P78356,17q12
PIP5K1B,pip5k1b,O14986,9q21.11
PIP5K1C,pip5k1c,O60331,19p13.3
PITPNM1,pitpnm1,O00562,11q13.2
PJA2,pja2,O43164,5q21.3
PRKAR1A,pkar1a,P10644,17q24.2
PRKAR2B,pkar2b,P31323,7q22.3
PRKCB,pkcb iso2,P05771-2,16p12.2-p12.1
PKD2L1,pkd2l1,Q9P0L9,10q24.31
PRKG1,pkg1 iso2,Q13976-2,10q11.23-q21.1
PKM,pkm,P14618,15q23
PKM,pkm iso2,P14618-2,15q23
PLN,plb,P26678,6q22.31
PLCB1,plcb1,Q9NQ66,20p12.3
PLCB3,plcb3,Q01970,11q13.1
PLCG1,plcg1,P19174,20q12
PLCG2,plcg2,P16885,16q23.3
PLD1,pld1,Q13393,3q26.31
PLD2,pld2,O14939,17p13.2
PLEK,pleckstrin,P08567,2p14
PLEC,plectin-1,Q15149,8q24.3
PLEKHG2,plekhg2,Q9H7P9,19q13.2
PLEKHG6,plekhg6,Q3KR16,12p13.31
FXYD1,plm,O00168,19q13.12
PLRG1,plrg1,O43660,4q31.3
PLSCR1,plscr1,O15162,3q24
PLSCR3,plscr3,Q9NRY6,17p13.1
PLXNB1,plxnb1,O43157,3p21.31
ZBTB16,plzf,Q05516,11q23.2
ATP2B4,pmca4 iso6,P23634-6,1q32.1
PML,pml,P29590,15q24.1
PML,pml iso3,P29590-3,15q24.1
PML,pml iso4,P29590-4,15q24.1
PNKP,pnk1,Q96T60,19q13.33
PNPLA8,pnpla8,Q9NP80,7q31.1
PNPT1,pnpt1,Q8TCS8,2p16.1
POLD2,pold2,P49005,7p13
POLD3,pold3,Q15054,11q13.4
POLH,polh,Q9Y253,6p21.1
POLL,poll,Q9UGP5,10q24.32
POLM,polm,Q9NP87,7p13
POLR2A,polr2a,P24928,17p13.1
PBRM1,polybromo 1,Q86U86,3p21.1
POP4,pop4,O95707,19q12
PPARA,ppar-alpha,Q07869,22q13.31
PPARG,ppar-gamma,P37231,3p25.2
,ppar-gamma iso2,P37231-2,3p25
PPHLN1,pphln1,Q8NEY8,12q12
PPIF,ppif,P30405,10q22.3
PPM1B,ppm1b,O75688,2p21
PPM1D,ppm1d,O15297,17q23.2
PPM1G,ppm1g,O15355,2p23.3
PPME1,ppme1,Q9Y570,11q13.4
PPP1CA,ppp1ca,P62136,11q13.2
PPP1CC,ppp1cc,P36873,12q24.11
PPP1R12B,ppp1r12b,O60237,1q32.1
PPP1R12C,ppp1r12c,Q9BZL4,19q13.42
PPP1R14A,ppp1r14a,Q96A00,19q13.2
PPP1R14B,ppp1r14b,Q96C90,11q13.1
PPP1R16B,ppp1r16b,Q96T49,20q11.23
PPP1R1A,ppp1r1a,Q13522,12q13.2
PPP1R1C,ppp1r1c,Q8WVI7,2q31.3-q32.1
PPP1R2,ppp1r2,P41236,3q29
PPP1R3A,ppp1r3a,Q16821,7q31.1
PPP1R3C,ppp1r3c,Q9UQK1,10q23.32
PPP1R7,ppp1r7,Q15435,2q37.3
PPP2CA,ppp2ca,P67775,5q31.1
PPP2R5A,ppp2r5a,Q15172,1q32.3
PPP2R5C,ppp2r5c,Q13362,14q32.31
PPP2R5D,ppp2r5d,Q14738,6p21.1
PPP5C,ppp5c,P53041,19q13.32
PGR,pr,P06401,11q22.1
PGR,pr iso2,P06401-2,11q22.1
AKT1S1,pras40,Q96B36,19q13.33
PRC1,prc1,O43663,15q26.1
PRDX1,prdx1,Q06830,1p34.1
PRDX6,prdx6,P30041,1q25.1
PREX1,prex1,Q8TCU6,20q13.13
PREX2,prex2,Q70Z35,8q13.2
PRH2,prh,P02810,12p13.2
PRKD1,prkd1,Q15139,14q12
PRKD2,prkd2,Q9BZL6,19q13.32
PRKD3,prkd3,O94806,2p22.2
PRMT5,prmt5,O14744,14q11.2
PRNP,prnp,P04156,20p13
PFN1,profilin 1,P07737,17p13.2
PROSER2,proser2,Q86WR7,10p14
PRR5,protor1,P85299,22q13.31
PRPF3,prpf3,O43395,1q21.2
PRPS1,prps1,P60891,Xq22.3
PRPS2,prps2,P11908,Xp22.2
PRRC2C,prrc2c,Q9Y520,1q24.3
DLG2,psd-93,Q15700,11q14.1
DLG4,psd-95,P78352,17p13.1
PSEN1,psen1,P49768,14q24.2
PSEN2,psen2,P49810,1q42.13
SFPQ,psf,P23246,1p34.3
GINS2,psf2,Q9Y248,16q24.1
PSMA7,psma7,O14818,20q13.33
PSMD11,psmd11,O00231,17q11.2
PSME3,psme3,P61289,17q21.31
PTEN,pten,P60484,10q23.31
PTGIR,ptgir,P43119,19q13.32
PTH1R,pthr,Q03431,3p21.31
PTHLH,pthrp,P12272,12p11.22
PTPN12,ptp-pest,Q05209,7q11.23
PTPN1,ptp1b,P18031,20q13.13
PTPN2,ptpn2 iso2,P17706-2,18p11.21
PTPN22,ptpn22,Q9Y2R2,1p13.2
PTPN3,ptpn3,P26045,9q31.3
PTPRA,ptpra iso2,P18433-2,20p13
PTPRJ,ptprj,Q12913,11p11.2
PTPRT,ptprt iso1,O14522-1,20q12-q13.11
CAVIN1,ptrf,Q6NZI2,17q21.2
PTRH2,ptrh2,Q9Y3E5,17q23.1
PTS,pts,Q03393,11q23.1
PTTG1IP,pttg1ip,P53801,21q22.3
PTTG2,pttg2,Q9NZH5,4p14
BBC3,puma,Q9BXH1,19q13.32
PXN,pxn,P49023,12q24.23
PXN,pxn iso2,P49023-2,12q24.23
NR1I2,pxr,O75469,3q13.33
PYCR2,pycr2,Q96C36,1q42.12
PYGB,pygb,P11216,20p11.21
PYGO2,pygo2,Q9BRQ0,1q21.3
MEFV,pyrin,O15553,16p13.3
MPZL1,pzr,O95297,1q24.2
SIK3,qsk iso5,J3KPC8,11q23.3
QTRT1,qtrt1,Q9BXR0,19p13.2
RAB11A,rab11a,P62491,15q22.31
,rab11fip1 iso3,Q6WKZ4-3,
RAB11FIP2,rab11fip2,Q7L804,10q26.11
RAB11FIP3,rab11fip3,O75154,16p13.3
RAB1A,rab1a,P62820,2p14
RAB34,rab34,Q9BZG1,17q11.2
RAB37,rab37,Q96AX2,17q25.1
RAB3IP,rab3ip,Q96QF0,12q15
RAB4A,rab4,P20338,1q42.13
RAB5A,rab5a,P20339,3p24.3
RAB5B,rab5b,P61020,12q13.2
RABEP1,rabep1,Q15276,17p13.2
RAC1,rac1,P63000,7p22.1
RACK1,rack1,P63244,5q35.3
RAD1,rad1,O60671,5p13.2
RAD17,rad17,O75943,5q13.2
RAD18,rad18,Q9NS91,3p25.3
RAD50,rad50,Q92878,5q31.1
RAD51,rad51,Q06609,15q15.1
RAD52,rad52,P43351,12p13.33
RAD54L,rad54l,Q92698,1p34.1
RAD9A,rad9a,Q99638,11q13.2
RDX,radixin,P35241,11q22.3
RAG2,rag2,P55895,11p12
AGER,rage,Q15109,6p21.32
GPRC5A,raig1,Q8NFJ5,12p13.1
RALA,rala,P11233,7p14.1
RALB,ralb,P11234,2q14.2
RALBP1,ralbp1,Q15311,18p11.22
RALY,raly,Q9UKM9,20q11.22
DTL,ramp,Q9NZJ0,1q32.3
RAN,ran,P62826,12q24.33
RANBP2,ranbp2,P49792,2q13
RANBP3,ranbp3,Q9H6Z4,19p13.3
RANBP9,ranbp9,Q96S59,6p23
RANGAP1,rangap1,P46060,22q13.2
RAP1A,rap1a,P62834,1p13.2
RAP1B,rap1b,P61224,12q15
RAP1GAP,rap1gap,P47736,1p36.12
RAP1GAP2,rap1gap2,Q684P5,17p13.3
UIMC1,rap80,Q96RL1,5q35.2
RAPGEF1,rapgef1,Q13905,9q34.13
RAPGEF2,rapgef2,Q9Y4G8,4q32.1
RPTOR,raptor,Q8N122,17q25.3
RARA,rara,P10276,17q21.2
RARG,rarg,P13631,12q13.13
RASGRF1,rasgrf1,Q13972,15q25.1
RASGRP1,rasgrp1,O95267,15q14
RASGRP2,rasgrp2,Q7LDG7,11q13.1
RASGRP3,rasgrp3,Q8IV61,2p22.3
RASSF1,rassf1,Q9NS23,3p21.31
RASSF1,rassf1 iso2,Q9NS23-2,3p21.31
RAVER1,raver1 iso2,Q8IY67-2,19p13.2
RB1,rb,P06400,13q14.2
RBL1,rb-like 1,P28749,20q11.23
RBL2,rb-like 2,Q08999,16q12.2
ARID4A,rbbp1,P29374,14q23.1
RBM10,rbm10 iso2,P98175-2,Xp11.3
RBM14,rbm14,Q96PK6,11q13.2
RBM17,rbm17,Q96I25,10p15.1
TUT1,rbm21,Q9H6E5,11q12.3
RBM26,rbm26,Q5T8P6,13q31.1
RBM3,rbm3,P98179,Xp11.23
RBM38,rbm38,Q9H0Z9,20q13.31
RBM4,rbm4,Q9BWF3,11q13.2
RBM42,rbm42,Q9BTD8,19q13.12
RBM8A,rbm8a,Q9Y5S9,1q21.1
RBMX,rbmx,P38159,Xq26.3
RBMXL1,rbmxl1,Q96E39,1p22.2
RBPJ,rbpj,Q06330,4p15.2
RCAN1,rcan1,P53805,21q22.12
RCAN1,rcan1 iso2,P53805-2,21q22.12
RCC1,rcc1,P18754,1p35.3
RCHY1,rchy1,Q96PM5,4q21.1
NELFE,rdbp,P18615,6p21.33
RECQL4,recql4,O94761,8q24.3
RECQL5,recql5,O94762,17q25.1
REL,rel,Q04864,2p16.1
RELB,relb,Q01201,19q13.32
REM1,rem1,O75628,20q11.21
UPF1,rent1,Q92900,19p13.11
REPS2,reps2,Q8NFH8,Xp22.2
DPF2,requiem,Q92785,11q13.1
CLIP1,restin,P30622,12q24.31
RET,ret iso3,Q15300,10q11.21
REV3L,rev3,O60673,6q21
RPA2,rfa2,P15927,1p35.3
RFC1,rfc1,P35251,4p14
RFWD3,rfwd3,Q6PCD5,16q23.1
RFX1,rfx1,P22670,19p13.12
RGCC,rgc32,Q9H4X1,13q14.11
RGCC,rgc32 iso2,Q9H4X1-2,13q14.11
RGPD3,rgpd3,A6NKT7,2q12.2
RGPD4,rgpd4,Q7Z3J3,2q12.3
RGPD6,rgpd5/6,Q99666,2q13
RGPD8,rgpd8,O14715,2q14.1
RGS10,rgs10,O43665,10q26.11
RGS13,rgs13,O14921,1q31.2
RGS16,rgs16,O15492,1q25.3
RGS18,rgs18,Q9NS28,1q31.2
RGS19,rgs19,P49795,20q13.33
RGS2,rgs2,P41220,1q31.2
RGS7,rgs7,P49802,1q43|1q23.1
RHBG,rhbg iso6,F8W6Q8,1q22
RHEB,rheb,Q15382,7q36.1
RHOA,rhoa,P61586,3p21.31
RHOB,rhob,P62745,2p24.1
RND3,rhoe,P61587,2q23.3
ARHGDIA,rhogdi alpha,P52565,17q25.3
ARHGDIB,rhogdi beta,P52566,12p12.3
RHOT1,rhot1,Q8IXI2,17q11.2
RHOU,rhou,Q7L0Q8,1q42.13
RICTOR,rictor,Q6R327,5p13.1
RIF1,rif1,Q5UIP0,2q23.3
RIN1,rin1,Q13671,11q13.2
PEBP1,rkip,P30086,12q24.23
RMI2,rmi2,Q96E14,16p13.13
URI1,rmp,O94763,19q12
RNF11,rnf11,Q9Y3C5,1p32.3
RNF138,rnf138,Q8WVD3,18q12.1
RNF20,rnf20,Q5VTR2,9q31.1
RNF4,rnf4,P78317,4p16.3
RNF40,rnf40,O75150,16p11.2
RNF41,rnf41,Q9H4P4,12q13.3
RNF7,rnf7,Q9UBF6,3q23
RNMT,rnmt,O43148,18p11.21
RBM39,rnpc2,Q14498,20q11.22
RNPS1,rnps1,Q15287,16p13.3
ROBO1,robo1,Q9Y6N7,3p12.3
ROBO3,robo3,Q96MS0,11q24.2
KCNJ1,romk,P48048,11q24.3
RORA,rora,P35398,15q22.2
RORA,rora iso4,P35398-4,15q22.2
MAPRE2,rp1,Q15555,18q12.1-q12.2
RPL11,rpl11,P62913,1p36.11
RPL12,rpl12,P30050,9q33.3
RPL13,rpl13,P26373,16q24.3|17p11.2
RPL13A,rpl13a,P40429,19q13.33
RPL19,rpl19,P84098,17q12
RPL21,rpl21,P46778,13q12.2
RPL8,rpl8,P62917,8q24.3
RPRD1B,rprd1b,Q9NQG5,20q11.23
RPS10,rps10,P46783,6p21.31
RPS11,rps11,P62280,19q13.33
RPS15,rps15,P62841,19p13.3
RPS19,rps19,P39019,19q13.2
RPS27,rps27,P42677,1q21.3
RPS27L,rps27l,Q71UM5,15q22.2
RPS3,rps3,P23396,11q13.4
PSMC4,rpt3,P43686,19q13.2
PSMC5,rpt6,P62195,17q23.3
RRAD,rrad,P55042,16q22.1
RRAS,rras,P10301,19q13.33
RRAS2,rras2,P62070,11p15.2
RRM2,rrm2,P31350,2p25.1
RRM2B,rrm2b,Q7LG56,8q22.3
RRP12,rrp12,Q5JTH9,10q24.1
RSC1A1,rsc1a1,Q92681,1p36.21
RSPH3,rshl2,Q86UC2,6q25.3
RTKN,rtkn iso2,Q9BST9-2,2p13.1
RUFY1,rufy1,Q96T51,5q35.3
RUVBL1,ruvbl1,Q9Y265,3q21.3
RXRA,rxra,P19793,9q34.2
RYR2,ryr2,Q92736,1q43
S100A9,s100a9,P06702,1q21.3
RPS6,s6,P62753,9p22.1
SAMHD1,samhd1,Q9Y3Z3,20q11.23
DLGAP1,sapap1 iso2,O14490-2,18p11.31
SLN,sarcolipin,O00631,11q22.3
UTP3,sas10,Q9NQZ2,4q13.3
SAT1,sat,P21673,Xp22.11
SAV1,sav1,Q9H4B6,14q22.1
SCD,scd,O00767,10q24.31
SCML2,scml2,Q9UQR0,Xp22.13
SCN5A,scn5a,Q14524,3p22.2
SCRIB,scribble,Q14160,8q24.3
AIMP1,scye1,Q12904,4q24
SDHA,sdha,P31040,5p15.33
SEC14L2,sec14l2,O76054,22q12.2
SEC16A,sec16a,O15027,9q34.3
SEC23A,sec23a,Q15436,14q21.1
SENP2,senp2,Q9HC62,3q27.2
ESPL1,separase,Q14674,12q13.13
Sep-05,sept5 iso2,Q99719-2,22q11.21
Sep-09,sept9 iso2,Q9UHD8-2,17q25.3
SLC6A4,sert,P31645,17q11.2
SET,set iso2,Q01105-2,9q34.11
KMT5A,setd8,Q9NQR1,12q24.31
SETDB1,setdb1,Q15047,1q21.3
SETMAR,setmar,Q53H47,3p26.1
SF1,sf1,Q15637,11q13.1
SRSF1,sf2,Q07955,17q22
SF3B1,sf3b1,O75533,2q33.1
SF3B2,sf3b2,Q13435,11q13.1
SUGP2,sfrs14,Q8IX01,19p13.11
SRSF2,sfrs2,Q01130,17q25.1
SCAF11,sfrs2ip,Q99590,12q12
SRSF9,sfrs9,Q13242,12q24.31
SGO1,sgo1,Q5FBB7,3p24.3
ECD,sgt1,O95905,10q22.2
SH2B1,sh2-b-beta,Q9NRF2,16p11.2
CTR9,sh2bp1,Q6PD62,11p15.4
SH2D4A,sh2d4a,Q9H788,8p21.3
SH3PXD2B,sh3pxd2b,A1X283,5q35.1
SH3RF1,sh3rf1,Q7Z6J0,4q32.3-q33
SPEN,sharp,Q96T58,1p36.21-p36.13
SHC1,shc1,P29353,1q21.3
SHC1,shc1 iso2,P29353-2,1q21.3
SHC1,shc1 iso3,P29353-3,1q21.3
SHC3,shc3 iso2,Q92529-2,9q22.1
SHCBP1,shcbp1,Q8NEM2,16q11.2
SHOC2,shoc2,Q9UQ13,10q25.2
SHOX,shox,O15266,Xp22.33 and Yp11.2
PTPN6,shp-1,P29350,12p13.31
PTPN11,shp-2,Q06124,12q24.13
PTPN11,shp-2 iso2,Q06124-2,12q24.13
SIRPA,shps1,P78324,20p13
SIAH1,siah1,Q8IUQ4,16q12.1
SIAH2,siah2,O43255,3q25.1
SPN,sialophorin,P16150,16p11.2
SIGLEC10,siglec-10,Q96LC7,19q13.41
SIKE1,sike,Q9BRV8,1p13.2
MAPKAP1,sin1,Q9BPZ7,9q33.3
SIN3A,sin3a,Q96ST3,15q24.2
SIRT1,sirt1,Q96EB6,10q21.3
SIRT2,sirt2,Q8IXJ6,19q13.2
SIRT2,sirt2 iso2,Q8IXJ6-2,19q13.2
SIRT3,sirt3,Q9NTG7,11p15.5
SIRT6,sirt6,Q8N6T7,19p13.3
SIVA1,siva,O15304,14q32.33
SKA3,ska3,Q8IX90,13q12.11
SKAP1,skap55,Q86WV1,17q21.32
POLDIP3,skar,Q9BY77,22q13.2
SKI,ski,P12755,1p36.33-p36.32
SNW1,skip,Q13573,14q24.3
SKP2,skp2,Q13309,5p13.2
SLAIN2,slain2,Q9P270,4p11
SLAMF1,slam,Q13291,1q23.3
FYB1,slap-130,O15117,5p13.1
SLBP,slbp,Q14493,4p16.3
SLC18A2,slc18a2,Q05940,10q25.3
SLC1A3,slc1a3,P43003,5p13.2
SLC8B1,slc24a6,Q6J4K2,12q24.13
SLC25A4,slc25a4,P12235,4q35.1
SLC29A1,slc29a1,Q99808,6p21.1
SLC3A2,slc3a2,P08195,11q12.3
SLC4A1,slc4a1,P02730,17q21.31
SLC4A4,slc4a4,Q9Y6R1,4q13.3
SLC6A2,slc6a2,P23975,16q12.2
SLC7A11,slc7a11,Q9UPY5,4q28.3
SLITRK1,slitrk1,Q96PX8,13q31.1
LCP2,slp76,Q13094,5q35.1
SLTM,sltm,Q9NWH9,15q22.1
SLX4,slx4,Q8IY92,16p13.3
SMAD1,smad1,Q15797,4q31.21
SMAD2,smad2,Q15796,18q21.1
SMAD3,smad3,P84022,15q22.33
SMAD4,smad4,Q13485,18q21.2
SMAD6,smad6,O43541,15q22.31
SMAD9,smad9,O15198,13q13.3
SMARCA4,smarca4,P51532,19p13.2
SMARCAL1,smarcal1,Q9NZC9,2q35
SMARCC2,smarcc2,Q8TAQ2,12q13.2
SMARCD3,smarcd3,Q6STE5,7q36.1
SMC1A,smc1,Q14683,Xp11.22
SMC3,smc3,Q9UQE7,10q25.2
SMCR8,smcr8,Q8TEV9,17p11.2
SMPD1,smpd1,P17405,11p15.4
NCOR2,smrt,Q9Y618,12q24.31
SNAI1,snail1,O95863,20q13.13
SNAI2,snail2,O43623,8q11.21
SNAP25,snap-25,P60880,20p12.2
SNAP23,snap23,O00161,15q15.1-q15.2
SNAP29,snap29,O95721,22q11.21
SNAPIN,snapin,O95295,1q21.3
SNCA,snca,P37840,4q22.1
SNCAIP,sncaip,Q9Y6H5,5q23.2
SNCB,sncb,Q16143,5q35.2
SND1,snd1,Q7KZF4,7q32.1
SRCIN1,snip iso5,Q9C0H9-5,17q12
SNRNP70,snrnp 70,P08621,19q13.33
SNX17,snx17,Q15036,2p23.3
ARHGAP33,snx26,O14559,19q13.12
SNX8,snx8,Q9Y5X2,7p22.3
SOCS3,socs3,O14543,17q25.3
SOD2,sod2,P04179,6q25.3
SORL1,sorl1,Q92673,11q24.1
SORT1,sort1,Q99523,1p13.3|1p21.3-p13.1
SOS1,sos1,Q07889,2p22.1
SOX9,sox9,P48436,17q24.3
SP1,sp1,P08047,12q13.13
SP3,sp3,Q02447,2q31.1
SPAG5,spag5,Q96R06,17q11.2
SPDEF,spdef,O95238,6p21.31
SPHK1,sphk1,Q9NYA1,17q25.1
SPHK2,sphk2,Q9NRA0,19q13.33
SPOP,spop,O43791,17q21.33
SPR,spr,P35270,2p13.2
SPRY2,spry2,O43597,13q31.1
SUPT16H,spt16,Q9Y5B9,14q11.2
SUPT5H,spt5,O00267,19q13.2
SUPT6H,spt6,Q7KZ85,17q11.2
SPTAN1,sptan1,Q13813,9q34.11
SPTBN1,sptbn1,Q01082,2p16.2
SPTLC1,sptlc1,O15269,9q22.31
SQSTM1,sqstm1,Q13501,5q35.3
NCOA1,src-1,Q15788,2p23.3
NCOA2,src-2,Q15596,8q13.3
NCOA3,src-3,Q9Y6Q9,20q13.12
SREBF1,srebp-1,P36956,17p11.2
SREBF1,srebp-1 iso3,P36956-3,17p11.2
SREBF2,srebp-2,Q12772,22q13.2
SRF,srf,P11831,6p21.1
SRI,sri,P30626,7q21.12
SRRM1,srm160,Q8IYB3,1p36.11
SRRM2,srm300,Q9UQ35,16p13.3
SRRT,srrt,Q9BXP5,7q22.1
SSB,ssb,P05455,2q31.1
SSBP1,ssbp1,Q04837,7q34
SSBP3,ssbp3,Q9BWW4,1p32.3
SSH1,ssh1,Q8WYL5,12q24.11
SSH3,ssh3,Q8TE77,11q13.2
SSR1,ssr1,P43307,6p24.3
SSRP1,ssrp1,Q08945,11q12.1
SSTR2,sstr2,P30874,17q25.1
SSU72,ssu72,Q9NP77,1p36.33
STAM2,stam2,O75886,2q23.3
STAP2,stap2,Q9UGK3,19p13.3
STARD10,stard10,Q9Y365,11q13.4
STAT1,stat1,P42224,2q32.2
STAT2,stat2,P52630,12q13.3
STAT3,stat3,P40763,17q21.2
STAT5A,stat5a,P42229,17q21.2
STAT5B,stat5b,P51692,17q21.2
STAT6,stat6,P42226,12q13.3
STC2,stc2,O76061,5q35.2
NR5A1,stf-1,Q13285,9q33.3
STIL,stil,Q15468,1p33
STIM1,stim1,Q13586,11p15.4
TMEM173,sting,Q86WV6,5q31.2
STMN1,stmn1,P16949,1p36.11
STMN2,stmn2,Q93045,8q21.13
STMN3,stmn3,Q9NZ72,20q13.33
STRADA,strad,Q7RTN6,17q23.3
STRAP,strap,Q9Y3F4,12p12.3
STX17,stx17,P56962,9q31.1
STX1A,stx1a,Q16623,7q11.23
SUFU,sufu,Q9UMX1,10q24.32
SUGT1,sugt1,Q9Y2Z0,13q14.3
SULT4A1,sult4a1,Q9BR01,22q13.31
SUN1,sun1,O94901,7p22.3
SUN2,sun2,Q9UH99,22q13.1
SVIL,supervillin,O95425,10p11.23
BIRC5,survivin,O15392,17q25.3
SUZ12,suz12,Q15022,17q11.2
SV2A,sv2a,Q7L0J3,1q21.2
SYMPK,symplekin,Q92797,19q13.32
SDC1,syndecan-1,P18827,2p24.1
SDC2,syndecan-2,P34741,8q22.1
SDC4,syndecan-4,P31431,20q13.12
SYNJ2,synj2,O15056,6q25.3
SDCBP,syntenin,O00560,8q12.1
SYT4,syt4,Q9H2B2,18q12.3
SYT6,syt6,Q5T7P8,1p13.2
SYTL1,sytl1,Q8IYJ3,1p36.11
TAB1,tab1,Q15750,22q13.1
TACC1,tacc1,O75410,8p11.22
TACC3,tacc3,Q9Y6A5,4p16.3
ADAM17,tace,P78536,2p25.1
TACSTD2,tacstd2,P09758,1p32.1
TAF7,taf7,Q15545,5q31.3
TAGLN,tagln,Q01995,11q23.3
TAGLN2,tagln2,P37802,1q23.2
TAL1,tal1,P17542,1p33
TAL2,tal2,Q16559,9q31.2
TLN1,talin 1,Q9Y490,9p13.3
TANC1,tanc1,Q9C0D5,2q24.2
TRIOBP,tara iso5,Q9H2D6-5,22q13.1
MAPT,tau,P10636,17q21.31
MAPT,tau iso2,P10636-2,17q21.31
MAPT,tau iso8,P10636-8,17q21.31
TAX1BP1,tax1bp1 iso2,Q86VP1-2,7p15.2
WWTR1,taz,Q9GZV5,3q25.1
TBC1D1,tbc1d1,Q86TI0,4p14
TBCB,tbcb,Q99426,19q13.12
TBCE,tbce,Q15813,1q42.3
TBL1XR1,tbl1xr1,Q9BZK7,3q26.32
TBX21,tbx21,Q9UL17,17q21.32
TBX3,tbx3,O15119,12q24.21
TCF7L2,tcf7l2,Q9NQB0,10q25.2-q25.3
TARDBP,tdp-43,Q13148,1p36.22
TDP1,tdp1,Q9NUW8,14q32.11
PTGES3,tebp,Q15185,12q13.3|12
ETV6,tel,P41212,12p13.2
TCAP,telethonin,O15273,17q12
TELO2,telo2,Q9Y4R8,16p13.3
TNS3,tensin 3,Q68CZ2,7p12.3
TERF2IP,terf2ip,Q9NYB0,16q23.1
TERT,tert,O14746,5p15.33
TEX14,tex14,Q8IWB6,17q22
TFAM,tfam,Q00059,10q21.1
TFCP2,tfcp2,Q12800,12q13.12-q13.13
TFDP1,tfdp1,Q14186,13q34
TFEB,tfeb,P19484,6p21.1
TFG,tfg,Q92734,3q12.2
TFPI,tfpi,P10646,2q32.1
TFPT,tfpt,P0C1Z6,19q13.42
TFRC,tfr,P02786,3q29
TGFBR3,tgfbr3,Q03167,1p22.1
TGM2,tgm2,P21980,20q11.23
TH,th,P07101,11p15.5
TH,th iso2,P07101-2,11p15.5
TH,th iso3,P07101-3,11p15.5
TH,th iso4,P07101-4,11p15.5
THEMIS,themis,Q8N1K5,6q22.33
ALYREF,thoc4,Q86V81,17q25.3
TIAM1,tiam1,Q13009,21q22.11
TICAM2,ticam2,Q86XR7,5q22.3
TICRR,ticrr,Q7Z2Z1,15q26.1
TIFA,tifa,Q96CG3,4q25
HAVCR2,tim-3,Q8TDQ0,5q33.3
TINF2,tinf2,Q9BSI4,14q12
KAT5,tip60,Q92993,11q13.1
KAT5,tip60 iso2,Q92993-2,11q13.1
TIRAP,tirap,P58753,11q24.2
TTN,titin,Q8WZ42,2q31.2
TK1,tk,P04183,17q25.3
TKT,tkt,P29401,3p21.1
TLE1,tle1,Q04724,9q21.32
TLR3,tlr3,O15455,4q35.1
TLR4,tlr4,O00206,9q33.1
TLR5,tlr5,O60602,1q41
TMOD1,tmod1,P28289,9q22.33
TMPO,tmpo iso6,P42166,12q23.1
TNFRSF1A,tnf-r1,P19438,12p13.31
TNFAIP1,tnfaip1,Q13829,17q11.2
TNKS,tnks,O95271,8p23.1
TNKS1BP1,tnks1bp1,Q9C0C2,11q12.1
TNNI3,tnni3,P19429,19q13.42
TNNT2,tnnt2,P45379,1q32.1
GIGYF2,tnrc15,Q6Y7W6,2q37.1
TOB1,tob1,P50616,17q21.33
TOP1,top1,P11387,20q12
TOP2A,top2a,P11388,17q21.2
TOP2B,top2b,Q02880,3p24.2
TOPBP1,topbp1,Q92547,3q22.1
TOPORS,topors,Q9NS56,9p21.1
TOR1AIP1,tor1aip1,Q5JTV8,1q25.2
CRTC2,torc2,Q53ET0,1q21.3
TPD52,tpd52,P55327,8q21.13
TPH2,tph2,Q8IWU9,12q21.1
TPM1,tpm1,P09493,15q22.2
TPP1,tpp1,O14773,11p15.4
TPPP,tppp,O94811,5p15.33
TPR,tpr,P12270,1q31.1
TPX2,tpx2,Q9ULW0,20q11.21
THRB,tr-beta1,P10828,3p24.2
TRAF2,traf2,Q12933,9q34.3
TRAF3,traf3,Q13114,14q32.32
TRAF4,traf4,Q9BUZ4,17q11.2
THRAP3,trap150,Q9Y2W1,1p34.3
MED14,trap170,O60244,Xp11.4
TARBP2,trbp,Q15633,12q13.13
TCOF1,treacle,Q13428,5q32-q33.1
TERF1,trf1,P54274,8q21.11
TERF2,trf2,Q15554,16q22.1
TRIM29,trim29,Q14134,11q23.3
TRIP10,trip10 iso3,Q15642-3,19p13.3
TRIP12,trip12,Q14669,2q36.3
TRIP6,trip6,Q15654,7q22.1
NTRK1,trka iso2,P04629-2,1q23.1
TRPA1,trpa1,O75762,8q21.11
TRPC3,trpc3,Q13507,4q27
TRPC3,trpc3 iso3,Q13507-3,4q27
TRPC6,trpc6,Q9Y210,11q22.1
,trpm2 iso3,O94759-3,21q22.3
TRPM4,trpm4,Q8TD43,19q13.33
TRPM8,trpm8,Q7Z2W7,2q37.1
TRPV1,trpv1,Q8NER1,17p13.2
TRPV3,trpv3,Q8NET8,17p13.2
TRPV4,trpv4,Q9HBA0,12q24.11
TRPV5,trpv5,Q9NQA5,7q34
TRPV6,trpv6,Q9H1D0,7q34
SH2D2A,tsad,Q9NP31,1q23.1
TSC1,tsc1,Q92574,9q34.13
TSC2,tsc2,P49815,16p13.3
TSPY1,tspy1,Q01534,Yp11.2
TSPYL2,tspyl2,Q9H2G4,Xp11.22
TSR1,tsr1,Q2NL82,17p13.3
TTC3,ttc3,P53804,21q22.13
MPLKIP,ttdn1,Q8TAP9,7p14.1
TTI1,tti1,O43156,20q11.23
TDP2,ttrap,O95551,6p22.3
TUBA1B,tuba1b,P68363,12q13.12
TUBA1C,tuba1c,Q9BQE3,12q13.12
TUBB,tubb,P07437,6p21.33
TUBB3,tubb3,Q13509,16q24.3
TUBG1,tubg1,P23258,17q21.2
TUBG2,tubg2,Q9NRH3,17q21.2
TWIST1,twist1,Q15672,7p21.1
TBXA2R,txa2-r,P21731,19p13.3
TBXA2R,txa2-r iso2,P21731-2,19p13.3
TXN,txn,P10599,9q31.3
TXNIP,txnip,Q9H3M7,1q21.1
TYMS,tyms,P04818,18p11.32
TYR,tyr,P14679,11q14.3
U2AF2,u2af2,P26368,19q13.42
UBE2R2,ubc3b,Q712K3,9p13.3
UBE2I,ubc9,P63279,16p13.3
UBE2A,ube2a,P49459,Xq24
UBE2O,ube2o,Q9C0C9,17q25.1
UBE2S,ube2s,Q16763,19q13.42
UBE3A,ube3a iso2,Q05086-2,15q11.2
UBA52-RPS27A-UBB-UBC,ubiquitin,P62988,2p16
UBR4,ubr4,Q5T4S7,1p36.13
UBR5,ubr5,O95071,8q22.3
UBXN2B,ubxn2b,Q14CS0,8q12.1
UCHL3,uchl3,P15374,13q22.2
UGDH,ugdh,O60701,4p14
UGT1A7,ugt1a7,Q9HAW7,2q37.1
UGT2B7,ugt2b7,P16662,4q13.2
UHRF1,uhrf1,Q96T88,19p13.3
UHRF1,uhrf1 iso2,Q96T88-2,19p13.3
UNG,ung,P13051,12q24.11
PLAU,upa,P00749,10q22.2
CCDC80,urb,Q76M96,3q13.2
USF1,usf1,P22415,1q23.3
USF2,usf2,Q15853,19q13.12
USP1,usp1,O94782,1p31.3
USP10,usp10,Q14694,16q24.1
USP14,usp14,P54578,18p11.32
USP15,usp15,Q9Y4E8,12q14.1
USP16,usp16,Q9Y5T5,21q21.3
USP2,usp2,O75604,11q23.3
USP20,usp20,Q9Y2K6,9q34.11
USP21,usp21,Q9UK80,1q23.3
USP24,usp24,Q9UPU5,1p32.3
USP25,usp25,Q9UHP3,21q21.1
USP28,usp28,Q96RU2,11q23.2
USP34,usp34,Q70CQ2,2p15
USP37,usp37,Q86T82,2q35
USP4,usp4,Q13107,3p21.31
USP7,usp7,Q93009,16p13.2
USP8,usp8,P40818,15q21.2
UTRN,utrophin,P46939,6q24.2
UVRAG,uvrag,Q9P2Y5,11q13.5
VAMP7,vamp7,P51809,Xq28 and Yq12
VASP,vasp,P50552,19q13.32
VAV1,vav1,P15498,19p13.3
VAV2,vav2,P52735,9q34.2
VAV3,vav3,Q9UKW4,1p13.3
VCPIP1,vcip135,Q96JH7,8q13.1
VCP,vcp,P55072,9p13.3
VDAC1,vdac1,P21796,5q31.1
VDR,vdr,P11473,12q13.11
FLT1,vegfr1,P17948,13q12.3
KDR,vegfr2,P35968,4q12
FLT4,vegfr3,P35916,5q35.3
VGLL4,vgll4 iso4,Q14135-4,3p25.3-p25.2
VHL,vhl,P40337,3p25.3
HDLBP,vigilin,Q00341,2q37.3
VIL1,villin,P09327,2q35
VIM,vimentin,P08670,10p13
SORBS3,vinexin iso10,O60504_VAR_055019,8p21.3
SORBS3,vinexin iso2,O60504-2,8p21.3
VTN,vtn,P04004,17q11.2
WAS,wasp,P42768,Xp11.23
WASF1,wave1,Q92558,6q21
WASF2,wave2,Q9Y6W5,1p36.11
WBP2,wbp2,Q969T9,17q25.1
WDR62,wdr62,O43379,19q13.12
WDR77,wdr77,Q9BQA1,1p13.2
NSD2,whsc1,O96028,4p16.3
NELFA,whsc2,Q9H3P2,4p16.3
WIPF1,wipf1,O43516,2q31.1
WIZ,wiz,O95785,19p13.12
WRAP53,wrap53,Q9BUR4,17p13.1
WRN,wrn,Q14191,8p12
BAZ1B,wstf,Q9UIG0,7q11.23
WT1,wt1,P19544,11p13
WT1,wt1 iso7,P19544-7,11p13
WWOX,wwox,Q9NZC7,16q23.1-q23.2
XBP1,xbp1,P17861,22q12.1|22q12
XDH,xdh,P47989,2p23.1
XIAP,xiap,P98170,Xq25
XPA,xpa,P23025,9q22.33
ERCC3,xpb,P19447,2q14.3
XRCC1,xrcc1,P18887,19q13.31
XRCC3,xrcc3,O43542,14q32.33
XRCC4,xrcc4,Q13426,5q14.2
XRN2,xrn2,Q9H0D6,20p11.22
YAP1,yap1,P46937,11q22.1
YAP1,yap1 iso2,P46937-2,11q22.1
YBX1,yb-1,P67809,1p34.2
YBX2,ybx2,Q9Y2T7,17p13.1
YY1,yy1,P25490,14q32.2
ZBTB11,zbtb11,O95625,3q12.3
ZBTB2,zbtb2,Q8N680,6q25.1
ZBTB4,zbtb4,Q9P1Z0,17p13.1
ZC3H11A,zc3h11a,O75152,1q32.1
ZC3H4,zc3h4,Q9UPT8,19q13.32
RBSN,zfyve20,Q9H1K0,3p25.1
ZHX1,zhx1,Q9UKY1,8q24.13
ZNF148,znf148,Q9UQR1,3q21.2
ZMYM2,znf198,Q9UBW7,13q12.11
ZMYM3,znf261,Q14202,Xq13.1
ZNF281,znf281,Q9Y2X9,1q32.1
ZNF322,znf322a,Q6U7Q0,6p22.2
ZNF395,znf395,Q9H8N7,8p21.1
ZNF420,znf420,Q8TAQ5,19q13.12
ZNF609,znf609,O15014,15q22.31
ZNF622,znf622,Q969S3,5p15.1
ZNF638,znf638,Q14966,2p13.3-p13.2
ZNF692,znf692,Q9BU19,1q44
ZNF768,znf768,Q9H5H4,16p11.2
ZNHIT1,znhit1,O43257,7q22.1
ZNRF2,znrf2,Q8NHG8,7p14.3
ZSCAN5A,zscan5,Q9BUG6,19q13.43
ZYX,zyxin,Q15942,7q34
